"Longitude (x)","Latitude (y)","Station Name","Climate ID","Date/Time","Year","Month","Day","Time","Temp (°C)","Temp Flag","Dew Point Temp (°C)","Dew Point Temp Flag","Rel Hum (%)","Rel Hum Flag","Wind Dir (10s deg)","Wind Dir Flag","Wind Spd (km/h)","Wind Spd Flag","Visibility (km)","Visibility Flag","Stn Press (kPa)","Stn Press Flag","Hmdx","Hmdx Flag","Wind Chill","Wind Chill Flag","Weather"
"-79.63","43.68","TORONTO LESTER B. PEARSON INT'L A","6158733","2002-01-01 00:00","2002","01","01","00:00","-5.6","","-9.8","","72","","26","","22","","24.1","","99.41","","","","-13","","Mostly Cloudy"
"-79.63","43.68","TORONTO LESTER B. PEARSON INT'L A","6158733","2002-01-01 01:00","2002","01","01","01:00","-5.4","","-9.6","","72","","27","","28","","24.1","","99.43","","","","-13","","Mostly Cloudy"
"-79.63","43.68","TORONTO LESTER B. PEARSON INT'L A","6158733","2002-01-01 02:00","2002","01","01","02:00","-5.9","","-9.6","","75","","28","","20","","24.1","","99.48","","","","-13","","Mainly Clear"
"-79.63","43.68","TORONTO LESTER B. PEARSON INT'L A","6158733","2002-01-01 03:00","2002","01","01","03:00","-5.7","","-8.9","","78","","27","","19","","24.1","","99.52","","","","-12","","Mostly Cloudy"
"-79.63","43.68","TORONTO LESTER B. PEARSON INT'L A","6158733","2002-01-01 04:00","2002","01","01","04:00","-5.7","","-8.8","","79","","28","","19","","24.1","","99.53","","","","-12","","Mainly Clear"
"-79.63","43.68","TORONTO LESTER B. PEARSON INT'L A","6158733","2002-01-01 05:00","2002","01","01","05:00","-5.5","","-8.8","","78","","31","","26","","24.1","","99.59","","","","-13","","Mainly Clear"
"-79.63","43.68","TORONTO LESTER B. PEARSON INT'L A","6158733","2002-01-01 06:00","2002","01","01","06:00","-4.8","","-8.8","","74","","35","","19","","24.1","","99.65","","","","-11","","Snow Showers"
"-79.63","43.68","TORONTO LESTER B. PEARSON INT'L A","6158733","2002-01-01 07:00","2002","01","01","07:00","-5.8","","-9.3","","76","","34","","24","","12.9","","99.75","","","","-13","","Snow Showers"
"-79.63","43.68","TORONTO LESTER B. PEARSON INT'L A","6158733","2002-01-01 08:00","2002","01","01","08:00","-7.5","","-11.0","","76","","34","","17","","24.1","","99.87","","","","-14","","Mainly Clear"
"-79.63","43.68","TORONTO LESTER B. PEARSON INT'L A","6158733","2002-01-01 09:00","2002","01","01","09:00","-7.6","","-10.8","","78","","1","","22","","24.1","","100.00","","","","-15","","Clear"
"-79.63","43.68","TORONTO LESTER B. PEARSON INT'L A","6158733","2002-01-01 10:00","2002","01","01","10:00","-6.3","","-10.5","","72","","34","","13","","24.1","","100.05","","","","-12","","Clear"
"-79.63","43.68","TORONTO LESTER B. PEARSON INT'L A","6158733","2002-01-01 11:00","2002","01","01","11:00","-5.3","","-10.1","","69","","33","","17","","24.1","","100.10","","","","-11","","Clear"
"-79.63","43.68","TORONTO LESTER B. PEARSON INT'L A","6158733","2002-01-01 12:00","2002","01","01","12:00","-4.1","","-10.0","","63","","34","","20","","24.1","","100.10","","","","-10","","Mainly Clear"
"-79.63","43.68","TORONTO LESTER B. PEARSON INT'L A","6158733","2002-01-01 13:00","2002","01","01","13:00","-3.2","","-10.5","","57","","29","","19","","24.1","","100.08","","","","-9","","Mainly Clear"
"-79.63","43.68","TORONTO LESTER B. PEARSON INT'L A","6158733","2002-01-01 14:00","2002","01","01","14:00","-2.7","","-10.6","","55","","32","","15","","24.1","","100.10","","","","-8","","Mainly Clear"
"-79.63","43.68","TORONTO LESTER B. PEARSON INT'L A","6158733","2002-01-01 15:00","2002","01","01","15:00","-2.4","","-11.0","","52","","30","","19","","24.1","","100.15","","","","-8","","Mainly Clear"
"-79.63","43.68","TORONTO LESTER B. PEARSON INT'L A","6158733","2002-01-01 16:00","2002","01","01","16:00","-3.6","","-10.3","","60","","2","","15","","24.1","","100.24","","","","-9","","Mainly Clear"
"-79.63","43.68","TORONTO LESTER B. PEARSON INT'L A","6158733","2002-01-01 17:00","2002","01","01","17:00","-4.8","","-10.3","","65","","36","","11","","24.1","","100.29","","","","-9","","Mainly Clear"
"-79.63","43.68","TORONTO LESTER B. PEARSON INT'L A","6158733","2002-01-01 18:00","2002","01","01","18:00","-6.0","","-10.4","","71","","35","","11","","24.1","","100.36","","","","-11","","Clear"
"-79.63","43.68","TORONTO LESTER B. PEARSON INT'L A","6158733","2002-01-01 19:00","2002","01","01","19:00","-6.6","","-10.9","","71","","31","","11","","24.1","","100.43","","","","-12","","Clear"
"-79.63","43.68","TORONTO LESTER B. PEARSON INT'L A","6158733","2002-01-01 20:00","2002","01","01","20:00","-7.1","","-11.7","","70","","29","","15","","24.1","","100.44","","","","-13","","Clear"
"-79.63","43.68","TORONTO LESTER B. PEARSON INT'L A","6158733","2002-01-01 21:00","2002","01","01","21:00","-7.6","","-11.3","","75","","28","","17","","24.1","","100.44","","","","-14","","Clear"
"-79.63","43.68","TORONTO LESTER B. PEARSON INT'L A","6158733","2002-01-01 22:00","2002","01","01","22:00","-7.9","","-11.2","","77","","30","","13","","24.1","","100.45","","","","-14","","Clear"
"-79.63","43.68","TORONTO LESTER B. PEARSON INT'L A","6158733","2002-01-01 23:00","2002","01","01","23:00","-8.9","","-11.7","","80","","27","","7","","24.1","","100.45","","","","-13","","Clear"
"-79.63","43.68","TORONTO LESTER B. PEARSON INT'L A","6158733","2002-01-02 00:00","2002","01","02","00:00","-8.9","","-11.5","","81","","26","","7","","24.1","","100.44","","","","-13","","Clear"
"-79.63","43.68","TORONTO LESTER B. PEARSON INT'L A","6158733","2002-01-02 01:00","2002","01","02","01:00","-9.0","","-11.6","","81","","27","","6","","24.1","","100.41","","","","-12","","Clear"
"-79.63","43.68","TORONTO LESTER B. PEARSON INT'L A","6158733","2002-01-02 02:00","2002","01","02","02:00","-8.7","","-11.2","","82","","27","","7","","24.1","","100.43","","","","-13","","Clear"
"-79.63","43.68","TORONTO LESTER B. PEARSON INT'L A","6158733","2002-01-02 03:00","2002","01","02","03:00","-7.8","","-10.5","","81","","29","","13","","24.1","","100.46","","","","-14","","Clear"
"-79.63","43.68","TORONTO LESTER B. PEARSON INT'L A","6158733","2002-01-02 04:00","2002","01","02","04:00","-7.7","","-10.0","","84","","26","","13","","24.1","","100.44","","","","-13","","Clear"
"-79.63","43.68","TORONTO LESTER B. PEARSON INT'L A","6158733","2002-01-02 05:00","2002","01","02","05:00","-7.4","","-10.1","","81","","26","","13","","24.1","","100.43","","","","-13","","Clear"
"-79.63","43.68","TORONTO LESTER B. PEARSON INT'L A","6158733","2002-01-02 06:00","2002","01","02","06:00","-7.0","","-9.9","","80","","27","","17","","24.1","","100.41","","","","-13","","Clear"
"-79.63","43.68","TORONTO LESTER B. PEARSON INT'L A","6158733","2002-01-02 07:00","2002","01","02","07:00","-6.9","","-9.9","","79","","27","","15","","24.1","","100.44","","","","-13","","Clear"
"-79.63","43.68","TORONTO LESTER B. PEARSON INT'L A","6158733","2002-01-02 08:00","2002","01","02","08:00","-6.7","","-9.6","","80","","27","","13","","24.1","","100.43","","","","-12","","Clear"
"-79.63","43.68","TORONTO LESTER B. PEARSON INT'L A","6158733","2002-01-02 09:00","2002","01","02","09:00","-4.1","","-7.8","","75","","27","","17","","24.1","","100.43","","","","-10","","Clear"
"-79.63","43.68","TORONTO LESTER B. PEARSON INT'L A","6158733","2002-01-02 10:00","2002","01","02","10:00","-1.8","","-6.4","","71","","27","","20","","24.1","","100.42","","","","-8","","Clear"
"-79.63","43.68","TORONTO LESTER B. PEARSON INT'L A","6158733","2002-01-02 11:00","2002","01","02","11:00","-0.4","","-6.6","","63","","27","","22","","24.1","","100.40","","","","-6","","Clear"
"-79.63","43.68","TORONTO LESTER B. PEARSON INT'L A","6158733","2002-01-02 12:00","2002","01","02","12:00","0.5","","-6.7","","58","","27","","24","","24.1","","100.33","","","","","","Mostly Cloudy"
"-79.63","43.68","TORONTO LESTER B. PEARSON INT'L A","6158733","2002-01-02 13:00","2002","01","02","13:00","-0.1","","-7.6","","57","","26","","35","","24.1","","100.24","","","","-7","","Mostly Cloudy"
"-79.63","43.68","TORONTO LESTER B. PEARSON INT'L A","6158733","2002-01-02 14:00","2002","01","02","14:00","-0.6","","-7.5","","60","","28","","33","","24.1","","100.18","","","","-8","","Mostly Cloudy"
"-79.63","43.68","TORONTO LESTER B. PEARSON INT'L A","6158733","2002-01-02 15:00","2002","01","02","15:00","-0.6","","-8.0","","57","","27","","30","","24.1","","100.14","","","","-7","","Mostly Cloudy"
"-79.63","43.68","TORONTO LESTER B. PEARSON INT'L A","6158733","2002-01-02 16:00","2002","01","02","16:00","-0.9","","-7.6","","60","","29","","22","","24.1","","100.11","","","","-7","","Mostly Cloudy"
"-79.63","43.68","TORONTO LESTER B. PEARSON INT'L A","6158733","2002-01-02 17:00","2002","01","02","17:00","-2.2","","-7.6","","66","","26","","20","","24.1","","100.11","","","","-8","","Mainly Clear"
"-79.63","43.68","TORONTO LESTER B. PEARSON INT'L A","6158733","2002-01-02 18:00","2002","01","02","18:00","-3.4","","-8.0","","70","","27","","20","","24.1","","100.13","","","","-10","","Mainly Clear"
"-79.63","43.68","TORONTO LESTER B. PEARSON INT'L A","6158733","2002-01-02 19:00","2002","01","02","19:00","-3.9","","-8.8","","69","","25","","15","","24.1","","100.15","","","","-9","","Mainly Clear"
"-79.63","43.68","TORONTO LESTER B. PEARSON INT'L A","6158733","2002-01-02 20:00","2002","01","02","20:00","-4.7","","-8.9","","72","","24","","9","","24.1","","100.12","","","","-9","","Mainly Clear"
"-79.63","43.68","TORONTO LESTER B. PEARSON INT'L A","6158733","2002-01-02 21:00","2002","01","02","21:00","-4.8","","-8.9","","73","","25","","13","","24.1","","100.07","","","","-10","","Clear"
"-79.63","43.68","TORONTO LESTER B. PEARSON INT'L A","6158733","2002-01-02 22:00","2002","01","02","22:00","-5.3","","-9.0","","75","","25","","13","","24.1","","100.00","","","","-10","","Clear"
"-79.63","43.68","TORONTO LESTER B. PEARSON INT'L A","6158733","2002-01-02 23:00","2002","01","02","23:00","-5.5","","-9.2","","75","","26","","15","","24.1","","99.93","","","","-11","","Clear"
"-79.63","43.68","TORONTO LESTER B. PEARSON INT'L A","6158733","2002-01-03 00:00","2002","01","03","00:00","-6.9","","-9.9","","79","","27","","9","","24.1","","99.85","","","","-11","","Mostly Cloudy"
"-79.63","43.68","TORONTO LESTER B. PEARSON INT'L A","6158733","2002-01-03 01:00","2002","01","03","01:00","-5.3","","-8.5","","78","","24","","13","","24.1","","99.75","","","","-10","","Mostly Cloudy"
"-79.63","43.68","TORONTO LESTER B. PEARSON INT'L A","6158733","2002-01-03 02:00","2002","01","03","02:00","-5.7","","-9.0","","77","","23","","13","","24.1","","99.70","","","","-11","","Mainly Clear"
"-79.63","43.68","TORONTO LESTER B. PEARSON INT'L A","6158733","2002-01-03 03:00","2002","01","03","03:00","-4.8","","-8.6","","75","","26","","15","","24.1","","99.71","","","","-10","","Clear"
"-79.63","43.68","TORONTO LESTER B. PEARSON INT'L A","6158733","2002-01-03 04:00","2002","01","03","04:00","-3.9","","-8.0","","73","","25","","13","","24.1","","99.69","","","","-9","","Mostly Cloudy"
"-79.63","43.68","TORONTO LESTER B. PEARSON INT'L A","6158733","2002-01-03 05:00","2002","01","03","05:00","-3.9","","-7.9","","74","","24","","11","","24.1","","99.65","","","","-8","","Cloudy"
"-79.63","43.68","TORONTO LESTER B. PEARSON INT'L A","6158733","2002-01-03 06:00","2002","01","03","06:00","-2.8","","-7.4","","71","","25","","15","","24.1","","99.66","","","","-8","","Mostly Cloudy"
"-79.63","43.68","TORONTO LESTER B. PEARSON INT'L A","6158733","2002-01-03 07:00","2002","01","03","07:00","-3.8","","-8.0","","73","","26","","15","","24.1","","99.63","","","","-9","","Mainly Clear"
"-79.63","43.68","TORONTO LESTER B. PEARSON INT'L A","6158733","2002-01-03 08:00","2002","01","03","08:00","-3.0","","-7.5","","71","","25","","13","","24.1","","99.65","","","","-8","","Cloudy"
"-79.63","43.68","TORONTO LESTER B. PEARSON INT'L A","6158733","2002-01-03 09:00","2002","01","03","09:00","-2.4","","-7.0","","71","","25","","19","","24.1","","99.66","","","","-8","","Cloudy"
"-79.63","43.68","TORONTO LESTER B. PEARSON INT'L A","6158733","2002-01-03 10:00","2002","01","03","10:00","-1.3","","-7.2","","64","","26","","26","","24.1","","99.63","","","","-8","","Mostly Cloudy"
"-79.63","43.68","TORONTO LESTER B. PEARSON INT'L A","6158733","2002-01-03 11:00","2002","01","03","11:00","-0.8","","-8.4","","56","","27","","26","","24.1","","99.59","","","","-7","","Cloudy"
"-79.63","43.68","TORONTO LESTER B. PEARSON INT'L A","6158733","2002-01-03 12:00","2002","01","03","12:00","-0.2","","-7.1","","60","","27","","32","","24.1","","99.50","","","","-7","","Cloudy"
"-79.63","43.68","TORONTO LESTER B. PEARSON INT'L A","6158733","2002-01-03 13:00","2002","01","03","13:00","0.3","","-6.9","","58","","28","","26","","24.1","","99.45","","","","","","Cloudy"
"-79.63","43.68","TORONTO LESTER B. PEARSON INT'L A","6158733","2002-01-03 14:00","2002","01","03","14:00","0.6","","-6.2","","60","","29","","28","","24.1","","99.45","","","","","","Cloudy"
"-79.63","43.68","TORONTO LESTER B. PEARSON INT'L A","6158733","2002-01-03 15:00","2002","01","03","15:00","0.5","","-6.0","","62","","29","","28","","24.1","","99.46","","","","","","Cloudy"
"-79.63","43.68","TORONTO LESTER B. PEARSON INT'L A","6158733","2002-01-03 16:00","2002","01","03","16:00","0.2","","-5.5","","65","","30","","26","","24.1","","99.49","","","","","","Cloudy"
"-79.63","43.68","TORONTO LESTER B. PEARSON INT'L A","6158733","2002-01-03 17:00","2002","01","03","17:00","-0.2","","-5.1","","69","","29","","20","","24.1","","99.50","","","","-5","","Cloudy"
"-79.63","43.68","TORONTO LESTER B. PEARSON INT'L A","6158733","2002-01-03 18:00","2002","01","03","18:00","-0.4","","-5.2","","70","","28","","13","","24.1","","99.52","","","","-5","","Cloudy"
"-79.63","43.68","TORONTO LESTER B. PEARSON INT'L A","6158733","2002-01-03 19:00","2002","01","03","19:00","-0.6","","-5.2","","71","","28","","19","","24.1","","99.56","","","","-6","","Cloudy"
"-79.63","43.68","TORONTO LESTER B. PEARSON INT'L A","6158733","2002-01-03 20:00","2002","01","03","20:00","-0.9","","-5.2","","73","","27","","11","","24.1","","99.59","","","","-5","","Mostly Cloudy"
"-79.63","43.68","TORONTO LESTER B. PEARSON INT'L A","6158733","2002-01-03 21:00","2002","01","03","21:00","-1.3","","-5.3","","74","","26","","13","","24.1","","99.57","","","","-6","","Mostly Cloudy"
"-79.63","43.68","TORONTO LESTER B. PEARSON INT'L A","6158733","2002-01-03 22:00","2002","01","03","22:00","-1.3","","-5.3","","74","","27","","13","","24.1","","99.59","","","","-6","","Mostly Cloudy"
"-79.63","43.68","TORONTO LESTER B. PEARSON INT'L A","6158733","2002-01-03 23:00","2002","01","03","23:00","-0.9","","-5.4","","71","","27","","17","","24.1","","99.59","","","","-6","","Mostly Cloudy"
"-79.63","43.68","TORONTO LESTER B. PEARSON INT'L A","6158733","2002-01-04 00:00","2002","01","04","00:00","-1.1","","-5.9","","70","","26","","17","","24.1","","99.55","","","","-6","","Mostly Cloudy"
"-79.63","43.68","TORONTO LESTER B. PEARSON INT'L A","6158733","2002-01-04 01:00","2002","01","04","01:00","-1.2","","-6.2","","69","","27","","22","","24.1","","99.55","","","","-7","","Cloudy"
"-79.63","43.68","TORONTO LESTER B. PEARSON INT'L A","6158733","2002-01-04 02:00","2002","01","04","02:00","-0.8","","-7.8","","59","","28","","17","","24.1","","99.59","","","","-6","","Cloudy"
"-79.63","43.68","TORONTO LESTER B. PEARSON INT'L A","6158733","2002-01-04 03:00","2002","01","04","03:00","-1.5","","-6.3","","70","","25","","15","","24.1","","99.59","","","","-6","","Cloudy"
"-79.63","43.68","TORONTO LESTER B. PEARSON INT'L A","6158733","2002-01-04 04:00","2002","01","04","04:00","-2.0","","-6.4","","72","","24","","15","","19.3","","99.59","","","","-7","","Cloudy"
"-79.63","43.68","TORONTO LESTER B. PEARSON INT'L A","6158733","2002-01-04 05:00","2002","01","04","05:00","-2.3","","-7.2","","69","","25","","19","","24.1","","99.59","","","","-8","","Mostly Cloudy"
"-79.63","43.68","TORONTO LESTER B. PEARSON INT'L A","6158733","2002-01-04 06:00","2002","01","04","06:00","-3.3","","-8.1","","69","","25","","13","","24.1","","99.62","","","","-8","","Mostly Cloudy"
"-79.63","43.68","TORONTO LESTER B. PEARSON INT'L A","6158733","2002-01-04 07:00","2002","01","04","07:00","-3.5","","-8.4","","69","","23","","13","","24.1","","99.57","","","","-8","","Mostly Cloudy"
"-79.63","43.68","TORONTO LESTER B. PEARSON INT'L A","6158733","2002-01-04 08:00","2002","01","04","08:00","-3.6","","-8.2","","70","","23","","15","","16.1","","99.53","","","","-9","","Cloudy"
"-79.63","43.68","TORONTO LESTER B. PEARSON INT'L A","6158733","2002-01-04 09:00","2002","01","04","09:00","-3.9","","-8.2","","72","","23","","19","","16.1","","99.57","","","","-10","","Cloudy"
"-79.63","43.68","TORONTO LESTER B. PEARSON INT'L A","6158733","2002-01-04 10:00","2002","01","04","10:00","-3.2","","-8.0","","69","","22","","19","","16.1","","99.52","","","","-9","","Cloudy"
"-79.63","43.68","TORONTO LESTER B. PEARSON INT'L A","6158733","2002-01-04 11:00","2002","01","04","11:00","-3.1","","-7.5","","72","","25","","24","","16.1","","99.45","","","","-10","","Cloudy"
"-79.63","43.68","TORONTO LESTER B. PEARSON INT'L A","6158733","2002-01-04 12:00","2002","01","04","12:00","-1.3","","-7.2","","64","","24","","35","","16.1","","99.28","","","","-9","","Mostly Cloudy"
"-79.63","43.68","TORONTO LESTER B. PEARSON INT'L A","6158733","2002-01-04 13:00","2002","01","04","13:00","-0.5","","-8.3","","56","","23","","24","","16.1","","99.17","","","","-6","","Mostly Cloudy"
"-79.63","43.68","TORONTO LESTER B. PEARSON INT'L A","6158733","2002-01-04 14:00","2002","01","04","14:00","0.8","","-9.9","","45","","22","","26","","19.3","","99.05","","","","","","Cloudy"
"-79.63","43.68","TORONTO LESTER B. PEARSON INT'L A","6158733","2002-01-04 15:00","2002","01","04","15:00","1.3","","-10.4","","41","","25","","32","","19.3","","99.05","","","","","","Mostly Cloudy"
"-79.63","43.68","TORONTO LESTER B. PEARSON INT'L A","6158733","2002-01-04 16:00","2002","01","04","16:00","0.9","","-11.1","","40","","25","","30","","19.3","","99.03","","","","","","Mostly Cloudy"
"-79.63","43.68","TORONTO LESTER B. PEARSON INT'L A","6158733","2002-01-04 17:00","2002","01","04","17:00","-0.1","","-10.1","","47","","24","","32","","19.3","","99.02","","","","-7","","Mostly Cloudy"
"-79.63","43.68","TORONTO LESTER B. PEARSON INT'L A","6158733","2002-01-04 18:00","2002","01","04","18:00","-0.8","","-9.6","","51","","25","","30","","19.3","","99.07","","","","-8","","Mainly Clear"
"-79.63","43.68","TORONTO LESTER B. PEARSON INT'L A","6158733","2002-01-04 19:00","2002","01","04","19:00","-0.8","","-9.2","","53","","25","","26","","24.1","","99.15","","","","-7","","Cloudy"
"-79.63","43.68","TORONTO LESTER B. PEARSON INT'L A","6158733","2002-01-04 20:00","2002","01","04","20:00","-0.3","","-8.9","","52","","25","","24","","24.1","","99.17","","","","-6","","Cloudy"
"-79.63","43.68","TORONTO LESTER B. PEARSON INT'L A","6158733","2002-01-04 21:00","2002","01","04","21:00","0.2","","-8.7","","51","","26","","22","","24.1","","99.21","","","","","","Cloudy"
"-79.63","43.68","TORONTO LESTER B. PEARSON INT'L A","6158733","2002-01-04 22:00","2002","01","04","22:00","0.3","","-8.4","","52","","26","","20","","24.1","","99.21","","","","","","Cloudy"
"-79.63","43.68","TORONTO LESTER B. PEARSON INT'L A","6158733","2002-01-04 23:00","2002","01","04","23:00","0.1","","-8.0","","54","","26","","13","","24.1","","99.21","","","","","","Cloudy"
"-79.63","43.68","TORONTO LESTER B. PEARSON INT'L A","6158733","2002-01-05 00:00","2002","01","05","00:00","0.2","","-7.5","","56","","24","","15","","24.1","","99.20","","","","","","Cloudy"
"-79.63","43.68","TORONTO LESTER B. PEARSON INT'L A","6158733","2002-01-05 01:00","2002","01","05","01:00","0.1","","-6.6","","61","","25","","19","","24.1","","99.18","","","","","","Cloudy"
"-79.63","43.68","TORONTO LESTER B. PEARSON INT'L A","6158733","2002-01-05 02:00","2002","01","05","02:00","1.0","","-6.0","","59","","26","","17","","24.1","","99.24","","","","","","Cloudy"
"-79.63","43.68","TORONTO LESTER B. PEARSON INT'L A","6158733","2002-01-05 03:00","2002","01","05","03:00","0.2","","-5.9","","64","","25","","11","","24.1","","99.26","","","","","","Cloudy"
"-79.63","43.68","TORONTO LESTER B. PEARSON INT'L A","6158733","2002-01-05 04:00","2002","01","05","04:00","0.3","","-6.3","","61","","22","","9","","24.1","","99.23","","","","","","Cloudy"
"-79.63","43.68","TORONTO LESTER B. PEARSON INT'L A","6158733","2002-01-05 05:00","2002","01","05","05:00","0.1","","-6.9","","59","","22","","17","","24.1","","99.23","","","","","","Cloudy"
"-79.63","43.68","TORONTO LESTER B. PEARSON INT'L A","6158733","2002-01-05 06:00","2002","01","05","06:00","0.0","","-6.9","","60","","22","","13","","24.1","","99.25","","","","-4","","Cloudy"
"-79.63","43.68","TORONTO LESTER B. PEARSON INT'L A","6158733","2002-01-05 07:00","2002","01","05","07:00","0.3","","-6.8","","59","","23","","13","","19.3","","99.28","","","","","","Cloudy"
"-79.63","43.68","TORONTO LESTER B. PEARSON INT'L A","6158733","2002-01-05 08:00","2002","01","05","08:00","0.3","","-6.6","","60","","22","","17","","16.1","","99.27","","","","","","Cloudy"
"-79.63","43.68","TORONTO LESTER B. PEARSON INT'L A","6158733","2002-01-05 09:00","2002","01","05","09:00","0.8","","-6.4","","59","","22","","19","","14.5","","99.30","","","","","","Cloudy"
"-79.63","43.68","TORONTO LESTER B. PEARSON INT'L A","6158733","2002-01-05 10:00","2002","01","05","10:00","1.1","","-6.5","","57","","24","","15","","16.1","","99.30","","","","","","Cloudy"
"-79.63","43.68","TORONTO LESTER B. PEARSON INT'L A","6158733","2002-01-05 11:00","2002","01","05","11:00","2.0","","-6.2","","55","","24","","17","","16.1","","99.25","","","","","","Mostly Cloudy"
"-79.63","43.68","TORONTO LESTER B. PEARSON INT'L A","6158733","2002-01-05 12:00","2002","01","05","12:00","2.5","","-5.8","","54","","24","","17","","16.1","","99.18","","","","","","Mostly Cloudy"
"-79.63","43.68","TORONTO LESTER B. PEARSON INT'L A","6158733","2002-01-05 13:00","2002","01","05","13:00","2.5","","-5.6","","55","","22","","22","","19.3","","99.07","","","","","","Cloudy"
"-79.63","43.68","TORONTO LESTER B. PEARSON INT'L A","6158733","2002-01-05 14:00","2002","01","05","14:00","3.3","","-4.9","","55","","25","","22","","16.1","","99.01","","","","","","Mostly Cloudy"
"-79.63","43.68","TORONTO LESTER B. PEARSON INT'L A","6158733","2002-01-05 15:00","2002","01","05","15:00","2.8","","-4.5","","59","","24","","20","","19.3","","99.00","","","","","","Cloudy"
"-79.63","43.68","TORONTO LESTER B. PEARSON INT'L A","6158733","2002-01-05 16:00","2002","01","05","16:00","2.4","","-4.8","","59","","22","","22","","16.1","","99.02","","","","","","Cloudy"
"-79.63","43.68","TORONTO LESTER B. PEARSON INT'L A","6158733","2002-01-05 17:00","2002","01","05","17:00","2.0","","-4.6","","62","","24","","20","","16.1","","99.04","","","","","","Cloudy"
"-79.63","43.68","TORONTO LESTER B. PEARSON INT'L A","6158733","2002-01-05 18:00","2002","01","05","18:00","1.7","","-4.5","","63","","23","","24","","16.1","","99.06","","","","","","Cloudy"
"-79.63","43.68","TORONTO LESTER B. PEARSON INT'L A","6158733","2002-01-05 19:00","2002","01","05","19:00","1.5","","-4.7","","63","","24","","28","","19.3","","99.09","","","","","","Cloudy"
"-79.63","43.68","TORONTO LESTER B. PEARSON INT'L A","6158733","2002-01-05 20:00","2002","01","05","20:00","1.6","","-4.9","","62","","25","","19","","19.3","","99.10","","","","","","Cloudy"
"-79.63","43.68","TORONTO LESTER B. PEARSON INT'L A","6158733","2002-01-05 21:00","2002","01","05","21:00","1.7","","-4.4","","64","","24","","22","","16.1","","99.11","","","","","","Cloudy"
"-79.63","43.68","TORONTO LESTER B. PEARSON INT'L A","6158733","2002-01-05 22:00","2002","01","05","22:00","1.4","","-3.8","","68","","24","","22","","16.1","","99.13","","","","","","Cloudy"
"-79.63","43.68","TORONTO LESTER B. PEARSON INT'L A","6158733","2002-01-05 23:00","2002","01","05","23:00","1.4","","-3.5","","70","","24","","17","","16.1","","99.08","","","","","","Cloudy"
"-79.63","43.68","TORONTO LESTER B. PEARSON INT'L A","6158733","2002-01-06 00:00","2002","01","06","00:00","0.1","","-2.1","","85","","24","","13","","4.0","","99.08","","","","","","Snow"
"-79.63","43.68","TORONTO LESTER B. PEARSON INT'L A","6158733","2002-01-06 01:00","2002","01","06","01:00","0.1","","-1.4","","90","","21","","9","","4.8","","99.02","","","","","","Snow"
"-79.63","43.68","TORONTO LESTER B. PEARSON INT'L A","6158733","2002-01-06 02:00","2002","01","06","02:00","0.2","","-1.8","","86","","22","","7","","6.4","","98.98","","","","","","Snow"
"-79.63","43.68","TORONTO LESTER B. PEARSON INT'L A","6158733","2002-01-06 03:00","2002","01","06","03:00","0.1","","-1.7","","88","","23","","7","","6.4","","98.96","","","","","","Snow"
"-79.63","43.68","TORONTO LESTER B. PEARSON INT'L A","6158733","2002-01-06 04:00","2002","01","06","04:00","0.2","","-1.9","","86","","20","","7","","6.4","","98.92","","","","","","Snow"
"-79.63","43.68","TORONTO LESTER B. PEARSON INT'L A","6158733","2002-01-06 05:00","2002","01","06","05:00","-0.2","","-1.6","","90","","21","","7","","4.0","","98.89","","","","-3","","Snow"
"-79.63","43.68","TORONTO LESTER B. PEARSON INT'L A","6158733","2002-01-06 06:00","2002","01","06","06:00","-0.1","","-1.7","","89","","23","","6","","4.8","","98.90","","","","-2","","Snow"
"-79.63","43.68","TORONTO LESTER B. PEARSON INT'L A","6158733","2002-01-06 07:00","2002","01","06","07:00","0.0","","-1.6","","89","","20","","6","","4.8","","98.88","","","","-2","","Snow"
"-79.63","43.68","TORONTO LESTER B. PEARSON INT'L A","6158733","2002-01-06 08:00","2002","01","06","08:00","-0.2","","-1.3","","92","","22","","6","","1.0","","98.90","","","","-2","","Snow"
"-79.63","43.68","TORONTO LESTER B. PEARSON INT'L A","6158733","2002-01-06 09:00","2002","01","06","09:00","-0.2","","-1.2","","93","","22","","7","","1.2","","98.88","","","","-3","","Snow"
"-79.63","43.68","TORONTO LESTER B. PEARSON INT'L A","6158733","2002-01-06 10:00","2002","01","06","10:00","0.1","","-1.0","","92","","21","","9","","1.6","","98.87","","","","","","Snow"
"-79.63","43.68","TORONTO LESTER B. PEARSON INT'L A","6158733","2002-01-06 11:00","2002","01","06","11:00","0.6","","-0.8","","90","","22","","6","","2.4","","98.82","","","","","","Snow"
"-79.63","43.68","TORONTO LESTER B. PEARSON INT'L A","6158733","2002-01-06 12:00","2002","01","06","12:00","0.9","","-0.8","","88","","21","","7","","3.2","","98.73","","","","","","Snow,Fog"
"-79.63","43.68","TORONTO LESTER B. PEARSON INT'L A","6158733","2002-01-06 13:00","2002","01","06","13:00","0.7","","-0.9","","89","","23","","7","","2.0","","98.65","","","","","","Snow,Fog"
"-79.63","43.68","TORONTO LESTER B. PEARSON INT'L A","6158733","2002-01-06 14:00","2002","01","06","14:00","0.6","","-0.8","","90","","","","0","","1.6","","98.52","","","","","","Snow,Fog"
"-79.63","43.68","TORONTO LESTER B. PEARSON INT'L A","6158733","2002-01-06 15:00","2002","01","06","15:00","0.6","","-0.6","","92","","5","","6","","2.0","","98.47","","","","","","Snow,Fog"
"-79.63","43.68","TORONTO LESTER B. PEARSON INT'L A","6158733","2002-01-06 16:00","2002","01","06","16:00","0.6","","-0.7","","91","","4","","9","","2.4","","98.43","","","","","","Snow,Fog"
"-79.63","43.68","TORONTO LESTER B. PEARSON INT'L A","6158733","2002-01-06 17:00","2002","01","06","17:00","0.6","","-0.7","","91","","3","","15","","3.2","","98.46","","","","","","Snow,Fog"
"-79.63","43.68","TORONTO LESTER B. PEARSON INT'L A","6158733","2002-01-06 18:00","2002","01","06","18:00","0.6","","-0.6","","92","","2","","9","","2.4","","98.51","","","","","","Snow,Fog"
"-79.63","43.68","TORONTO LESTER B. PEARSON INT'L A","6158733","2002-01-06 19:00","2002","01","06","19:00","0.3","","-0.6","","94","","3","","9","","2.4","","98.53","","","","","","Snow,Fog"
"-79.63","43.68","TORONTO LESTER B. PEARSON INT'L A","6158733","2002-01-06 20:00","2002","01","06","20:00","0.5","","-0.7","","92","","1","","13","","2.8","","98.53","","","","","","Snow,Fog"
"-79.63","43.68","TORONTO LESTER B. PEARSON INT'L A","6158733","2002-01-06 21:00","2002","01","06","21:00","0.6","","-0.7","","91","","1","","17","","4.0","","98.53","","","","","","Snow,Fog"
"-79.63","43.68","TORONTO LESTER B. PEARSON INT'L A","6158733","2002-01-06 22:00","2002","01","06","22:00","1.1","","-1.0","","86","","1","","22","","6.4","","98.53","","","","","","Snow,Haze"
"-79.63","43.68","TORONTO LESTER B. PEARSON INT'L A","6158733","2002-01-06 23:00","2002","01","06","23:00","1.3","","-0.9","","85","","2","","22","","9.7","","98.54","","","","","","Haze"
"-79.63","43.68","TORONTO LESTER B. PEARSON INT'L A","6158733","2002-01-07 00:00","2002","01","07","00:00","1.1","","-1.1","","85","","1","","22","","14.5","","98.52","","","","","","Cloudy"
"-79.63","43.68","TORONTO LESTER B. PEARSON INT'L A","6158733","2002-01-07 01:00","2002","01","07","01:00","-0.2","","-2.2","","86","","35","","33","","24.1","","98.52","","","","-7","","Cloudy"
"-79.63","43.68","TORONTO LESTER B. PEARSON INT'L A","6158733","2002-01-07 02:00","2002","01","07","02:00","-2.0","","-4.6","","82","","35","","39","","24.1","","98.61","","","","-10","","Cloudy"
"-79.63","43.68","TORONTO LESTER B. PEARSON INT'L A","6158733","2002-01-07 03:00","2002","01","07","03:00","-3.3","","-6.6","","78","","35","","26","","24.1","","98.69","","","","-10","","Cloudy"
"-79.63","43.68","TORONTO LESTER B. PEARSON INT'L A","6158733","2002-01-07 04:00","2002","01","07","04:00","-3.9","","-7.4","","77","","34","","33","","24.1","","98.75","","","","-12","","Cloudy"
"-79.63","43.68","TORONTO LESTER B. PEARSON INT'L A","6158733","2002-01-07 05:00","2002","01","07","05:00","-4.6","","-7.9","","78","","35","","32","","24.1","","98.80","","","","-13","","Cloudy"
"-79.63","43.68","TORONTO LESTER B. PEARSON INT'L A","6158733","2002-01-07 06:00","2002","01","07","06:00","-5.7","","-9.4","","75","","35","","26","","24.1","","98.85","","","","-13","","Mostly Cloudy"
"-79.63","43.68","TORONTO LESTER B. PEARSON INT'L A","6158733","2002-01-07 07:00","2002","01","07","07:00","-6.3","","-10.2","","74","","35","","41","","24.1","","98.91","","","","-16","","Mostly Cloudy"
"-79.63","43.68","TORONTO LESTER B. PEARSON INT'L A","6158733","2002-01-07 08:00","2002","01","07","08:00","-6.6","","-10.4","","74","","35","","28","","24.1","","98.99","","","","-15","","Cloudy"
"-79.63","43.68","TORONTO LESTER B. PEARSON INT'L A","6158733","2002-01-07 09:00","2002","01","07","09:00","-7.1","","-10.8","","75","","35","","33","","24.1","","99.03","","","","-16","","Mainly Clear"
"-79.63","43.68","TORONTO LESTER B. PEARSON INT'L A","6158733","2002-01-07 10:00","2002","01","07","10:00","-7.3","","-11.5","","72","","35","","33","","24.1","","99.10","","","","-16","","Mainly Clear"
"-79.63","43.68","TORONTO LESTER B. PEARSON INT'L A","6158733","2002-01-07 11:00","2002","01","07","11:00","-7.9","","-12.0","","72","","36","","28","","24.1","","99.17","","","","-17","","Mainly Clear"
"-79.63","43.68","TORONTO LESTER B. PEARSON INT'L A","6158733","2002-01-07 12:00","2002","01","07","12:00","-6.6","","-11.5","","68","","1","","20","","24.1","","99.13","","","","-14","","Mainly Clear"
"-79.63","43.68","TORONTO LESTER B. PEARSON INT'L A","6158733","2002-01-07 13:00","2002","01","07","13:00","-5.9","","-11.4","","65","","35","","17","","24.1","","99.07","","","","-12","","Clear"
"-79.63","43.68","TORONTO LESTER B. PEARSON INT'L A","6158733","2002-01-07 14:00","2002","01","07","14:00","-5.3","","-10.9","","65","","34","","17","","24.1","","99.05","","","","-11","","Clear"
"-79.63","43.68","TORONTO LESTER B. PEARSON INT'L A","6158733","2002-01-07 15:00","2002","01","07","15:00","-5.3","","-11.5","","62","","34","","22","","24.1","","99.08","","","","-12","","Clear"
"-79.63","43.68","TORONTO LESTER B. PEARSON INT'L A","6158733","2002-01-07 16:00","2002","01","07","16:00","-5.5","","-12.4","","58","","36","","24","","24.1","","99.12","","","","-13","","Clear"
"-79.63","43.68","TORONTO LESTER B. PEARSON INT'L A","6158733","2002-01-07 17:00","2002","01","07","17:00","-5.8","","-12.6","","59","","1","","20","","24.1","","99.16","","","","-13","","Clear"
"-79.63","43.68","TORONTO LESTER B. PEARSON INT'L A","6158733","2002-01-07 18:00","2002","01","07","18:00","-6.1","","-11.5","","66","","35","","11","","24.1","","99.20","","","","-11","","Clear"
"-79.63","43.68","TORONTO LESTER B. PEARSON INT'L A","6158733","2002-01-07 19:00","2002","01","07","19:00","-6.6","","-11.1","","70","","36","","19","","24.1","","99.23","","","","-13","","Mostly Cloudy"
"-79.63","43.68","TORONTO LESTER B. PEARSON INT'L A","6158733","2002-01-07 20:00","2002","01","07","20:00","-7.5","","-10.8","","77","","32","","13","","24.1","","99.25","","","","-13","","Mostly Cloudy"
"-79.63","43.68","TORONTO LESTER B. PEARSON INT'L A","6158733","2002-01-07 21:00","2002","01","07","21:00","-8.1","","-11.0","","80","","27","","9","","24.1","","99.23","","","","-13","","Mostly Cloudy"
"-79.63","43.68","TORONTO LESTER B. PEARSON INT'L A","6158733","2002-01-07 22:00","2002","01","07","22:00","-7.7","","-11.0","","77","","27","","7","","24.1","","99.20","","","","-11","","Cloudy"
"-79.63","43.68","TORONTO LESTER B. PEARSON INT'L A","6158733","2002-01-07 23:00","2002","01","07","23:00","-7.7","","-10.9","","78","","27","","7","","24.1","","99.21","","","","-11","","Cloudy"
"-79.63","43.68","TORONTO LESTER B. PEARSON INT'L A","6158733","2002-01-08 00:00","2002","01","08","00:00","-8.8","","-11.6","","80","","27","","9","","24.1","","99.21","","","","-13","","Mainly Clear"
"-79.63","43.68","TORONTO LESTER B. PEARSON INT'L A","6158733","2002-01-08 01:00","2002","01","08","01:00","-9.6","","-12.3","","81","","28","","15","","24.1","","99.20","","","","-16","","Mainly Clear"
"-79.63","43.68","TORONTO LESTER B. PEARSON INT'L A","6158733","2002-01-08 02:00","2002","01","08","02:00","-8.9","","-11.5","","81","","23","","7","","24.1","","99.16","","","","-13","","Mostly Cloudy"
"-79.63","43.68","TORONTO LESTER B. PEARSON INT'L A","6158733","2002-01-08 03:00","2002","01","08","03:00","-8.0","","-10.8","","80","","20","","13","","24.1","","99.15","","","","-14","","Cloudy"
"-79.63","43.68","TORONTO LESTER B. PEARSON INT'L A","6158733","2002-01-08 04:00","2002","01","08","04:00","-6.2","","-9.2","","79","","24","","17","","19.3","","99.06","","","","-12","","Cloudy"
"-79.63","43.68","TORONTO LESTER B. PEARSON INT'L A","6158733","2002-01-08 05:00","2002","01","08","05:00","-5.8","","-9.2","","77","","23","","22","","19.3","","98.98","","","","-13","","Cloudy"
"-79.63","43.68","TORONTO LESTER B. PEARSON INT'L A","6158733","2002-01-08 06:00","2002","01","08","06:00","-5.5","","-9.3","","75","","25","","28","","19.3","","98.98","","","","-13","","Cloudy"
"-79.63","43.68","TORONTO LESTER B. PEARSON INT'L A","6158733","2002-01-08 07:00","2002","01","08","07:00","-5.0","","-8.7","","75","","25","","33","","19.3","","98.98","","","","-13","","Cloudy"
"-79.63","43.68","TORONTO LESTER B. PEARSON INT'L A","6158733","2002-01-08 08:00","2002","01","08","08:00","-4.0","","-7.9","","74","","24","","26","","19.3","","98.98","","","","-11","","Cloudy"
"-79.63","43.68","TORONTO LESTER B. PEARSON INT'L A","6158733","2002-01-08 09:00","2002","01","08","09:00","-2.9","","-6.6","","76","","22","","20","","19.3","","98.93","","","","-9","","Cloudy"
"-79.63","43.68","TORONTO LESTER B. PEARSON INT'L A","6158733","2002-01-08 10:00","2002","01","08","10:00","-1.9","","-5.6","","76","","23","","26","","24.1","","98.87","","","","-8","","Cloudy"
"-79.63","43.68","TORONTO LESTER B. PEARSON INT'L A","6158733","2002-01-08 11:00","2002","01","08","11:00","-1.7","","-6.0","","72","","24","","39","","19.3","","98.84","","","","-10","","Cloudy"
"-79.63","43.68","TORONTO LESTER B. PEARSON INT'L A","6158733","2002-01-08 12:00","2002","01","08","12:00","-1.2","","-6.3","","68","","24","","39","","19.3","","98.74","","","","-9","","Mostly Cloudy"
"-79.63","43.68","TORONTO LESTER B. PEARSON INT'L A","6158733","2002-01-08 13:00","2002","01","08","13:00","-0.6","","-5.9","","67","","24","","33","","16.1","","98.66","","","","-8","","Mostly Cloudy"
"-79.63","43.68","TORONTO LESTER B. PEARSON INT'L A","6158733","2002-01-08 14:00","2002","01","08","14:00","-0.2","","-6.1","","64","","25","","30","","19.3","","98.59","","","","-7","","Mostly Cloudy"
"-79.63","43.68","TORONTO LESTER B. PEARSON INT'L A","6158733","2002-01-08 15:00","2002","01","08","15:00","-0.7","","-6.2","","66","","25","","28","","16.1","","98.60","","","","-7","","Cloudy"
"-79.63","43.68","TORONTO LESTER B. PEARSON INT'L A","6158733","2002-01-08 16:00","2002","01","08","16:00","-0.9","","-5.9","","69","","24","","22","","16.1","","98.57","","","","-7","","Mostly Cloudy"
"-79.63","43.68","TORONTO LESTER B. PEARSON INT'L A","6158733","2002-01-08 17:00","2002","01","08","17:00","-1.2","","-6.1","","69","","23","","26","","16.1","","98.55","","","","-8","","Cloudy"
"-79.63","43.68","TORONTO LESTER B. PEARSON INT'L A","6158733","2002-01-08 18:00","2002","01","08","18:00","-1.2","","-6.2","","69","","24","","20","","19.3","","98.56","","","","-7","","Mainly Clear"
"-79.63","43.68","TORONTO LESTER B. PEARSON INT'L A","6158733","2002-01-08 19:00","2002","01","08","19:00","-1.3","","-5.9","","71","","23","","20","","24.1","","98.55","","","","-7","","Mostly Cloudy"
"-79.63","43.68","TORONTO LESTER B. PEARSON INT'L A","6158733","2002-01-08 20:00","2002","01","08","20:00","-0.9","","-5.4","","71","","23","","26","","24.1","","98.48","","","","-7","","Mostly Cloudy"
"-79.63","43.68","TORONTO LESTER B. PEARSON INT'L A","6158733","2002-01-08 21:00","2002","01","08","21:00","-0.1","","-5.0","","70","","23","","26","","24.1","","98.38","","","","-6","","Snow"
"-79.63","43.68","TORONTO LESTER B. PEARSON INT'L A","6158733","2002-01-08 22:00","2002","01","08","22:00","0.6","","-4.9","","67","","23","","32","","24.1","","98.34","","","","","","Cloudy"
"-79.63","43.68","TORONTO LESTER B. PEARSON INT'L A","6158733","2002-01-08 23:00","2002","01","08","23:00","0.9","","-4.6","","67","","23","","32","","24.1","","98.27","","","","","","Cloudy"
"-79.63","43.68","TORONTO LESTER B. PEARSON INT'L A","6158733","2002-01-09 00:00","2002","01","09","00:00","0.9","","-4.3","","68","","22","","17","","24.1","","98.25","","","","","","Cloudy"
"-79.63","43.68","TORONTO LESTER B. PEARSON INT'L A","6158733","2002-01-09 01:00","2002","01","09","01:00","1.2","","-3.9","","69","","23","","26","","24.1","","98.16","","","","","","Cloudy"
"-79.63","43.68","TORONTO LESTER B. PEARSON INT'L A","6158733","2002-01-09 02:00","2002","01","09","02:00","0.8","","-4.0","","70","","23","","20","","19.3","","98.13","","","","","","Cloudy"
"-79.63","43.68","TORONTO LESTER B. PEARSON INT'L A","6158733","2002-01-09 03:00","2002","01","09","03:00","0.8","","-3.8","","71","","23","","22","","16.1","","98.07","","","","","","Cloudy"
"-79.63","43.68","TORONTO LESTER B. PEARSON INT'L A","6158733","2002-01-09 04:00","2002","01","09","04:00","1.3","","-3.3","","71","","22","","20","","19.3","","98.01","","","","","","Cloudy"
"-79.63","43.68","TORONTO LESTER B. PEARSON INT'L A","6158733","2002-01-09 05:00","2002","01","09","05:00","1.1","","-1.8","","81","","22","","19","","8.0","","97.95","","","","","","Rain,Ice Pellets"
"-79.63","43.68","TORONTO LESTER B. PEARSON INT'L A","6158733","2002-01-09 06:00","2002","01","09","06:00","1.3","","-1.1","","84","","22","","17","","12.9","","97.90","","","","","","Cloudy"
"-79.63","43.68","TORONTO LESTER B. PEARSON INT'L A","6158733","2002-01-09 07:00","2002","01","09","07:00","1.6","","-1.2","","82","","22","","26","","11.3","","97.83","","","","","","Cloudy"
"-79.63","43.68","TORONTO LESTER B. PEARSON INT'L A","6158733","2002-01-09 08:00","2002","01","09","08:00","2.0","","-1.3","","79","","23","","24","","8.0","","97.81","","","","","","Haze"
"-79.63","43.68","TORONTO LESTER B. PEARSON INT'L A","6158733","2002-01-09 09:00","2002","01","09","09:00","2.4","","-1.1","","78","","23","","30","","9.7","","97.76","","","","","","Haze"
"-79.63","43.68","TORONTO LESTER B. PEARSON INT'L A","6158733","2002-01-09 10:00","2002","01","09","10:00","3.2","","-0.3","","78","","23","","30","","9.7","","97.74","","","","","","Haze"
"-79.63","43.68","TORONTO LESTER B. PEARSON INT'L A","6158733","2002-01-09 11:00","2002","01","09","11:00","3.7","","-0.4","","75","","23","","26","","11.3","","97.75","","","","","","Cloudy"
"-79.63","43.68","TORONTO LESTER B. PEARSON INT'L A","6158733","2002-01-09 12:00","2002","01","09","12:00","4.8","","0.2","","72","","24","","24","","12.9","","97.62","","","","","","Mostly Cloudy"
"-79.63","43.68","TORONTO LESTER B. PEARSON INT'L A","6158733","2002-01-09 13:00","2002","01","09","13:00","4.4","","0.0","","73","","23","","33","","11.3","","97.54","","","","","","Cloudy"
"-79.63","43.68","TORONTO LESTER B. PEARSON INT'L A","6158733","2002-01-09 14:00","2002","01","09","14:00","4.3","","-0.2","","73","","23","","26","","11.3","","97.48","","","","","","Cloudy"
"-79.63","43.68","TORONTO LESTER B. PEARSON INT'L A","6158733","2002-01-09 15:00","2002","01","09","15:00","4.2","","-0.1","","74","","22","","19","","11.3","","97.49","","","","","","Cloudy"
"-79.63","43.68","TORONTO LESTER B. PEARSON INT'L A","6158733","2002-01-09 16:00","2002","01","09","16:00","4.5","","0.0","","73","","25","","19","","12.9","","97.54","","","","","","Mostly Cloudy"
"-79.63","43.68","TORONTO LESTER B. PEARSON INT'L A","6158733","2002-01-09 17:00","2002","01","09","17:00","4.6","","0.1","","73","","25","","17","","12.9","","97.60","","","","","","Cloudy"
"-79.63","43.68","TORONTO LESTER B. PEARSON INT'L A","6158733","2002-01-09 18:00","2002","01","09","18:00","4.6","","0.1","","73","","24","","20","","16.1","","97.66","","","","","","Cloudy"
"-79.63","43.68","TORONTO LESTER B. PEARSON INT'L A","6158733","2002-01-09 19:00","2002","01","09","19:00","4.4","","0.2","","74","","24","","26","","19.3","","97.70","","","","","","Mainly Clear"
"-79.63","43.68","TORONTO LESTER B. PEARSON INT'L A","6158733","2002-01-09 20:00","2002","01","09","20:00","3.4","","0.1","","79","","25","","17","","24.1","","97.77","","","","","","Clear"
"-79.63","43.68","TORONTO LESTER B. PEARSON INT'L A","6158733","2002-01-09 21:00","2002","01","09","21:00","3.1","","0.0","","80","","24","","19","","19.3","","97.90","","","","","","Mainly Clear"
"-79.63","43.68","TORONTO LESTER B. PEARSON INT'L A","6158733","2002-01-09 22:00","2002","01","09","22:00","2.2","","-0.4","","83","","19","","13","","19.3","","97.96","","","","","","Mainly Clear"
"-79.63","43.68","TORONTO LESTER B. PEARSON INT'L A","6158733","2002-01-09 23:00","2002","01","09","23:00","1.8","","-0.5","","85","","20","","9","","19.3","","98.03","","","","","","Mainly Clear"
"-79.63","43.68","TORONTO LESTER B. PEARSON INT'L A","6158733","2002-01-10 00:00","2002","01","10","00:00","1.4","","-0.7","","86","","20","","13","","24.1","","98.05","","","","","","Clear"
"-79.63","43.68","TORONTO LESTER B. PEARSON INT'L A","6158733","2002-01-10 01:00","2002","01","10","01:00","1.3","","-0.7","","87","","19","","7","","24.1","","98.10","","","","","","Clear"
"-79.63","43.68","TORONTO LESTER B. PEARSON INT'L A","6158733","2002-01-10 02:00","2002","01","10","02:00","1.3","","-0.6","","87","","20","","9","","24.1","","98.14","","","","","","Clear"
"-79.63","43.68","TORONTO LESTER B. PEARSON INT'L A","6158733","2002-01-10 03:00","2002","01","10","03:00","1.9","","-0.4","","85","","23","","7","","24.1","","98.20","","","","","","Clear"
"-79.63","43.68","TORONTO LESTER B. PEARSON INT'L A","6158733","2002-01-10 04:00","2002","01","10","04:00","1.7","","-0.7","","84","","22","","7","","24.1","","98.23","","","","","","Mainly Clear"
"-79.63","43.68","TORONTO LESTER B. PEARSON INT'L A","6158733","2002-01-10 05:00","2002","01","10","05:00","2.2","","-0.1","","85","","21","","11","","24.1","","98.25","","","","","","Mostly Cloudy"
"-79.63","43.68","TORONTO LESTER B. PEARSON INT'L A","6158733","2002-01-10 06:00","2002","01","10","06:00","2.6","","0.2","","84","","22","","15","","24.1","","98.32","","","","","","Cloudy"
"-79.63","43.68","TORONTO LESTER B. PEARSON INT'L A","6158733","2002-01-10 07:00","2002","01","10","07:00","2.8","","0.3","","84","","21","","11","","19.3","","98.41","","","","","","Cloudy"
"-79.63","43.68","TORONTO LESTER B. PEARSON INT'L A","6158733","2002-01-10 08:00","2002","01","10","08:00","3.1","","0.5","","83","","23","","11","","24.1","","98.48","","","","","","Cloudy"
"-79.63","43.68","TORONTO LESTER B. PEARSON INT'L A","6158733","2002-01-10 09:00","2002","01","10","09:00","3.4","","0.6","","82","","24","","15","","16.1","","98.55","","","","","","Mostly Cloudy"
"-79.63","43.68","TORONTO LESTER B. PEARSON INT'L A","6158733","2002-01-10 10:00","2002","01","10","10:00","3.5","","0.7","","82","","23","","17","","19.3","","98.64","","","","","","Cloudy"
"-79.63","43.68","TORONTO LESTER B. PEARSON INT'L A","6158733","2002-01-10 11:00","2002","01","10","11:00","3.9","","0.8","","80","","24","","20","","16.1","","98.71","","","","","","Cloudy"
"-79.63","43.68","TORONTO LESTER B. PEARSON INT'L A","6158733","2002-01-10 12:00","2002","01","10","12:00","4.6","","1.3","","79","","24","","19","","16.1","","98.70","","","","","","Mostly Cloudy"
"-79.63","43.68","TORONTO LESTER B. PEARSON INT'L A","6158733","2002-01-10 13:00","2002","01","10","13:00","4.8","","1.2","","77","","24","","19","","19.3","","98.65","","","","","","Cloudy"
"-79.63","43.68","TORONTO LESTER B. PEARSON INT'L A","6158733","2002-01-10 14:00","2002","01","10","14:00","5.2","","1.2","","75","","23","","17","","24.1","","98.67","","","","","","Cloudy"
"-79.63","43.68","TORONTO LESTER B. PEARSON INT'L A","6158733","2002-01-10 15:00","2002","01","10","15:00","4.8","","0.9","","76","","26","","19","","24.1","","98.69","","","","","","Cloudy"
"-79.63","43.68","TORONTO LESTER B. PEARSON INT'L A","6158733","2002-01-10 16:00","2002","01","10","16:00","4.7","","0.8","","76","","25","","13","","24.1","","98.72","","","","","","Cloudy"
"-79.63","43.68","TORONTO LESTER B. PEARSON INT'L A","6158733","2002-01-10 17:00","2002","01","10","17:00","4.4","","0.4","","75","","25","","13","","19.3","","98.73","","","","","","Cloudy"
"-79.63","43.68","TORONTO LESTER B. PEARSON INT'L A","6158733","2002-01-10 18:00","2002","01","10","18:00","3.8","","0.4","","78","","27","","11","","24.1","","98.76","","","","","","Cloudy"
"-79.63","43.68","TORONTO LESTER B. PEARSON INT'L A","6158733","2002-01-10 19:00","2002","01","10","19:00","3.6","","0.3","","79","","26","","13","","24.1","","98.81","","","","","","Cloudy"
"-79.63","43.68","TORONTO LESTER B. PEARSON INT'L A","6158733","2002-01-10 20:00","2002","01","10","20:00","3.7","","0.3","","78","","27","","15","","24.1","","98.80","","","","","","Cloudy"
"-79.63","43.68","TORONTO LESTER B. PEARSON INT'L A","6158733","2002-01-10 21:00","2002","01","10","21:00","3.3","","0.1","","80","","25","","9","","24.1","","98.74","","","","","","Cloudy"
"-79.63","43.68","TORONTO LESTER B. PEARSON INT'L A","6158733","2002-01-10 22:00","2002","01","10","22:00","3.4","","0.3","","80","","25","","9","","24.1","","98.74","","","","","","Cloudy"
"-79.63","43.68","TORONTO LESTER B. PEARSON INT'L A","6158733","2002-01-10 23:00","2002","01","10","23:00","3.3","","0.3","","81","","24","","13","","24.1","","98.72","","","","","","Cloudy"
"-79.63","43.68","TORONTO LESTER B. PEARSON INT'L A","6158733","2002-01-11 00:00","2002","01","11","00:00","2.8","","0.1","","82","","26","","11","","24.1","","98.68","","","","","","Cloudy"
"-79.63","43.68","TORONTO LESTER B. PEARSON INT'L A","6158733","2002-01-11 01:00","2002","01","11","01:00","2.4","","0.0","","84","","26","","6","","24.1","","98.61","","","","","","Cloudy"
"-79.63","43.68","TORONTO LESTER B. PEARSON INT'L A","6158733","2002-01-11 02:00","2002","01","11","02:00","2.4","","-0.1","","84","","26","","13","","16.1","","98.55","","","","","","Cloudy"
"-79.63","43.68","TORONTO LESTER B. PEARSON INT'L A","6158733","2002-01-11 03:00","2002","01","11","03:00","2.4","","-0.1","","84","","25","","13","","16.1","","98.52","","","","","","Cloudy"
"-79.63","43.68","TORONTO LESTER B. PEARSON INT'L A","6158733","2002-01-11 04:00","2002","01","11","04:00","2.4","","-0.2","","83","","26","","17","","16.1","","98.46","","","","","","Cloudy"
"-79.63","43.68","TORONTO LESTER B. PEARSON INT'L A","6158733","2002-01-11 05:00","2002","01","11","05:00","2.5","","0.0","","84","","27","","19","","12.9","","98.48","","","","","","Rain"
"-79.63","43.68","TORONTO LESTER B. PEARSON INT'L A","6158733","2002-01-11 06:00","2002","01","11","06:00","2.1","","0.4","","88","","27","","13","","6.4","","98.52","","","","","","Rain"
"-79.63","43.68","TORONTO LESTER B. PEARSON INT'L A","6158733","2002-01-11 07:00","2002","01","11","07:00","2.0","","0.3","","88","","27","","17","","9.7","","98.54","","","","","","Rain"
"-79.63","43.68","TORONTO LESTER B. PEARSON INT'L A","6158733","2002-01-11 08:00","2002","01","11","08:00","2.0","","0.2","","88","","26","","11","","9.7","","98.54","","","","","","Fog"
"-79.63","43.68","TORONTO LESTER B. PEARSON INT'L A","6158733","2002-01-11 09:00","2002","01","11","09:00","2.7","","0.4","","85","","28","","26","","16.1","","98.60","","","","","","Cloudy"
"-79.63","43.68","TORONTO LESTER B. PEARSON INT'L A","6158733","2002-01-11 10:00","2002","01","11","10:00","3.0","","0.7","","85","","28","","17","","19.3","","98.63","","","","","","Mostly Cloudy"
"-79.63","43.68","TORONTO LESTER B. PEARSON INT'L A","6158733","2002-01-11 11:00","2002","01","11","11:00","3.6","","-1.1","","71","","31","","44","","24.1","","98.69","","","","","","Mostly Cloudy"
"-79.63","43.68","TORONTO LESTER B. PEARSON INT'L A","6158733","2002-01-11 12:00","2002","01","11","12:00","2.9","","-2.1","","70","","29","","46","","24.1","","98.67","","","","","","Mostly Cloudy"
"-79.63","43.68","TORONTO LESTER B. PEARSON INT'L A","6158733","2002-01-11 13:00","2002","01","11","13:00","3.1","","-3.9","","60","","29","","48","","24.1","","98.68","","","","","","Mostly Cloudy"
"-79.63","43.68","TORONTO LESTER B. PEARSON INT'L A","6158733","2002-01-11 14:00","2002","01","11","14:00","3.7","","-2.8","","62","","29","","52","","24.1","","98.70","","","","","","Mostly Cloudy"
"-79.63","43.68","TORONTO LESTER B. PEARSON INT'L A","6158733","2002-01-11 15:00","2002","01","11","15:00","2.4","","-2.6","","70","","28","","26","","24.1","","98.79","","","","","","Cloudy"
"-79.63","43.68","TORONTO LESTER B. PEARSON INT'L A","6158733","2002-01-11 16:00","2002","01","11","16:00","2.5","","-2.4","","70","","30","","37","","24.1","","98.83","","","","","","Cloudy"
"-79.63","43.68","TORONTO LESTER B. PEARSON INT'L A","6158733","2002-01-11 17:00","2002","01","11","17:00","2.0","","-3.1","","69","","29","","33","","24.1","","98.90","","","","","","Mostly Cloudy"
"-79.63","43.68","TORONTO LESTER B. PEARSON INT'L A","6158733","2002-01-11 18:00","2002","01","11","18:00","1.1","","-4.0","","69","","27","","22","","24.1","","98.97","","","","","","Mostly Cloudy"
"-79.63","43.68","TORONTO LESTER B. PEARSON INT'L A","6158733","2002-01-11 19:00","2002","01","11","19:00","1.3","","-4.1","","67","","27","","20","","24.1","","99.05","","","","","","Mostly Cloudy"
"-79.63","43.68","TORONTO LESTER B. PEARSON INT'L A","6158733","2002-01-11 20:00","2002","01","11","20:00","1.3","","-3.7","","69","","25","","17","","24.1","","99.06","","","","","","Mostly Cloudy"
"-79.63","43.68","TORONTO LESTER B. PEARSON INT'L A","6158733","2002-01-11 21:00","2002","01","11","21:00","1.6","","-3.5","","69","","26","","17","","24.1","","99.06","","","","","","Mostly Cloudy"
"-79.63","43.68","TORONTO LESTER B. PEARSON INT'L A","6158733","2002-01-11 22:00","2002","01","11","22:00","1.9","","-3.3","","68","","24","","15","","24.1","","99.05","","","","","","Cloudy"
"-79.63","43.68","TORONTO LESTER B. PEARSON INT'L A","6158733","2002-01-11 23:00","2002","01","11","23:00","1.9","","-2.8","","71","","24","","15","","24.1","","99.04","","","","","","Cloudy"
"-79.63","43.68","TORONTO LESTER B. PEARSON INT'L A","6158733","2002-01-12 00:00","2002","01","12","00:00","2.0","","-2.6","","72","","25","","17","","24.1","","99.04","","","","","","Cloudy"
"-79.63","43.68","TORONTO LESTER B. PEARSON INT'L A","6158733","2002-01-12 01:00","2002","01","12","01:00","2.0","","-2.5","","72","","24","","15","","24.1","","99.00","","","","","","Cloudy"
"-79.63","43.68","TORONTO LESTER B. PEARSON INT'L A","6158733","2002-01-12 02:00","2002","01","12","02:00","2.1","","-2.5","","72","","25","","17","","24.1","","99.00","","","","","","Cloudy"
"-79.63","43.68","TORONTO LESTER B. PEARSON INT'L A","6158733","2002-01-12 03:00","2002","01","12","03:00","2.2","","-2.2","","73","","24","","15","","24.1","","99.01","","","","","","Cloudy"
"-79.63","43.68","TORONTO LESTER B. PEARSON INT'L A","6158733","2002-01-12 04:00","2002","01","12","04:00","1.8","","-2.5","","73","","24","","15","","24.1","","98.97","","","","","","Cloudy"
"-79.63","43.68","TORONTO LESTER B. PEARSON INT'L A","6158733","2002-01-12 05:00","2002","01","12","05:00","1.4","","-2.7","","74","","23","","17","","24.1","","98.92","","","","","","Cloudy"
"-79.63","43.68","TORONTO LESTER B. PEARSON INT'L A","6158733","2002-01-12 06:00","2002","01","12","06:00","0.7","","-2.8","","77","","22","","19","","16.1","","98.87","","","","","","Cloudy"
"-79.63","43.68","TORONTO LESTER B. PEARSON INT'L A","6158733","2002-01-12 07:00","2002","01","12","07:00","0.3","","-3.0","","78","","22","","20","","16.1","","98.85","","","","","","Cloudy"
"-79.63","43.68","TORONTO LESTER B. PEARSON INT'L A","6158733","2002-01-12 08:00","2002","01","12","08:00","0.3","","-2.8","","80","","22","","19","","8.0","","98.82","","","","","","Haze"
"-79.63","43.68","TORONTO LESTER B. PEARSON INT'L A","6158733","2002-01-12 09:00","2002","01","12","09:00","0.7","","-2.5","","79","","22","","24","","6.4","","98.76","","","","","","Haze"
"-79.63","43.68","TORONTO LESTER B. PEARSON INT'L A","6158733","2002-01-12 10:00","2002","01","12","10:00","1.3","","-2.1","","78","","22","","22","","6.4","","98.66","","","","","","Haze"
"-79.63","43.68","TORONTO LESTER B. PEARSON INT'L A","6158733","2002-01-12 11:00","2002","01","12","11:00","1.8","","-1.7","","78","","22","","22","","6.4","","98.59","","","","","","Haze"
"-79.63","43.68","TORONTO LESTER B. PEARSON INT'L A","6158733","2002-01-12 12:00","2002","01","12","12:00","2.5","","-1.3","","76","","21","","24","","6.4","","98.42","","","","","","Haze"
"-79.63","43.68","TORONTO LESTER B. PEARSON INT'L A","6158733","2002-01-12 13:00","2002","01","12","13:00","3.0","","-1.2","","74","","23","","28","","9.7","","98.31","","","","","","Haze"
"-79.63","43.68","TORONTO LESTER B. PEARSON INT'L A","6158733","2002-01-12 14:00","2002","01","12","14:00","3.7","","-1.3","","70","","21","","28","","12.9","","98.16","","","","","","Cloudy"
"-79.63","43.68","TORONTO LESTER B. PEARSON INT'L A","6158733","2002-01-12 15:00","2002","01","12","15:00","4.9","","-1.1","","65","","22","","26","","12.9","","98.06","","","","","","Mostly Cloudy"
"-79.63","43.68","TORONTO LESTER B. PEARSON INT'L A","6158733","2002-01-12 16:00","2002","01","12","16:00","4.4","","-1.6","","65","","20","","19","","12.9","","98.01","","","","","","Mostly Cloudy"
"-79.63","43.68","TORONTO LESTER B. PEARSON INT'L A","6158733","2002-01-12 17:00","2002","01","12","17:00","3.3","","-2.0","","68","","19","","20","","11.3","","97.94","","","","","","Cloudy"
"-79.63","43.68","TORONTO LESTER B. PEARSON INT'L A","6158733","2002-01-12 18:00","2002","01","12","18:00","3.7","","-1.8","","67","","22","","24","","12.9","","97.92","","","","","","Cloudy"
"-79.63","43.68","TORONTO LESTER B. PEARSON INT'L A","6158733","2002-01-12 19:00","2002","01","12","19:00","4.1","","-2.4","","63","","20","","24","","24.1","","97.80","","","","","","Cloudy"
"-79.63","43.68","TORONTO LESTER B. PEARSON INT'L A","6158733","2002-01-12 20:00","2002","01","12","20:00","4.2","","-2.5","","62","","22","","30","","24.1","","97.72","","","","","","Cloudy"
"-79.63","43.68","TORONTO LESTER B. PEARSON INT'L A","6158733","2002-01-12 21:00","2002","01","12","21:00","3.3","","-1.0","","73","","21","","28","","24.1","","97.60","","","","","","Cloudy"
"-79.63","43.68","TORONTO LESTER B. PEARSON INT'L A","6158733","2002-01-12 22:00","2002","01","12","22:00","2.7","","-0.4","","80","","22","","32","","19.3","","97.52","","","","","","Rain Showers"
"-79.63","43.68","TORONTO LESTER B. PEARSON INT'L A","6158733","2002-01-12 23:00","2002","01","12","23:00","1.9","","-0.7","","83","","22","","28","","16.1","","97.49","","","","","","Rain Showers"
"-79.63","43.68","TORONTO LESTER B. PEARSON INT'L A","6158733","2002-01-13 00:00","2002","01","13","00:00","1.5","","-0.8","","85","","22","","19","","19.3","","97.44","","","","","","Rain Showers"
"-79.63","43.68","TORONTO LESTER B. PEARSON INT'L A","6158733","2002-01-13 01:00","2002","01","13","01:00","1.7","","-1.1","","82","","25","","24","","19.3","","97.45","","","","","","Rain Showers,Snow Showers"
"-79.63","43.68","TORONTO LESTER B. PEARSON INT'L A","6158733","2002-01-13 02:00","2002","01","13","02:00","1.1","","-3.2","","73","","27","","32","","24.1","","97.51","","","","","","Mostly Cloudy"
"-79.63","43.68","TORONTO LESTER B. PEARSON INT'L A","6158733","2002-01-13 03:00","2002","01","13","03:00","0.3","","-4.2","","72","","27","","30","","24.1","","97.58","","","","","","Mostly Cloudy"
"-79.63","43.68","TORONTO LESTER B. PEARSON INT'L A","6158733","2002-01-13 04:00","2002","01","13","04:00","-0.3","","-5.5","","68","","27","","33","","24.1","","97.63","","","","-7","","Mainly Clear"
"-79.63","43.68","TORONTO LESTER B. PEARSON INT'L A","6158733","2002-01-13 05:00","2002","01","13","05:00","-0.9","","-6.1","","68","","28","","22","","24.1","","97.65","","","","-7","","Mostly Cloudy"
"-79.63","43.68","TORONTO LESTER B. PEARSON INT'L A","6158733","2002-01-13 06:00","2002","01","13","06:00","-1.4","","-6.7","","67","","27","","24","","24.1","","97.68","","","","-8","","Mainly Clear"
"-79.63","43.68","TORONTO LESTER B. PEARSON INT'L A","6158733","2002-01-13 07:00","2002","01","13","07:00","-1.2","","-6.4","","68","","28","","28","","24.1","","97.76","","","","-8","","Mostly Cloudy"
"-79.63","43.68","TORONTO LESTER B. PEARSON INT'L A","6158733","2002-01-13 08:00","2002","01","13","08:00","-1.5","","-7.2","","65","","28","","35","","24.1","","97.78","","","","-9","","Mainly Clear"
"-79.63","43.68","TORONTO LESTER B. PEARSON INT'L A","6158733","2002-01-13 09:00","2002","01","13","09:00","-1.1","","-7.0","","64","","28","","43","","24.1","","97.84","","","","-9","","Mainly Clear"
"-79.63","43.68","TORONTO LESTER B. PEARSON INT'L A","6158733","2002-01-13 10:00","2002","01","13","10:00","-0.1","","-6.8","","61","","30","","44","","24.1","","97.94","","","","-8","","Mainly Clear"
"-79.63","43.68","TORONTO LESTER B. PEARSON INT'L A","6158733","2002-01-13 11:00","2002","01","13","11:00","-0.2","","-5.8","","66","","31","","35","","19.3","","98.08","","","","-7","","Snow Showers"
"-79.63","43.68","TORONTO LESTER B. PEARSON INT'L A","6158733","2002-01-13 12:00","2002","01","13","12:00","0.0","","-7.2","","58","","29","","43","","24.1","","98.15","","","","-8","","Mostly Cloudy"
"-79.63","43.68","TORONTO LESTER B. PEARSON INT'L A","6158733","2002-01-13 13:00","2002","01","13","13:00","-0.2","","-7.7","","57","","31","","39","","24.1","","98.23","","","","-8","","Snow Showers"
"-79.63","43.68","TORONTO LESTER B. PEARSON INT'L A","6158733","2002-01-13 14:00","2002","01","13","14:00","0.7","","-7.2","","55","","29","","41","","24.1","","98.29","","","","","","Mostly Cloudy"
"-79.63","43.68","TORONTO LESTER B. PEARSON INT'L A","6158733","2002-01-13 15:00","2002","01","13","15:00","-0.1","","-8.0","","55","","31","","50","","24.1","","98.42","","","","-8","","Mostly Cloudy"
"-79.63","43.68","TORONTO LESTER B. PEARSON INT'L A","6158733","2002-01-13 16:00","2002","01","13","16:00","-0.6","","-7.9","","58","","30","","33","","24.1","","98.60","","","","-8","","Mostly Cloudy"
"-79.63","43.68","TORONTO LESTER B. PEARSON INT'L A","6158733","2002-01-13 17:00","2002","01","13","17:00","-0.8","","-7.2","","62","","31","","30","","24.1","","98.70","","","","-8","","Cloudy"
"-79.63","43.68","TORONTO LESTER B. PEARSON INT'L A","6158733","2002-01-13 18:00","2002","01","13","18:00","-1.3","","-6.8","","66","","31","","28","","24.1","","98.85","","","","-8","","Cloudy"
"-79.63","43.68","TORONTO LESTER B. PEARSON INT'L A","6158733","2002-01-13 19:00","2002","01","13","19:00","-1.5","","-6.2","","70","","31","","30","","24.1","","98.95","","","","-8","","Snow Showers"
"-79.63","43.68","TORONTO LESTER B. PEARSON INT'L A","6158733","2002-01-13 20:00","2002","01","13","20:00","-1.3","","-6.5","","68","","31","","26","","24.1","","99.05","","","","-8","","Cloudy"
"-79.63","43.68","TORONTO LESTER B. PEARSON INT'L A","6158733","2002-01-13 21:00","2002","01","13","21:00","-1.6","","-7.2","","66","","31","","35","","24.1","","99.10","","","","-9","","Cloudy"
"-79.63","43.68","TORONTO LESTER B. PEARSON INT'L A","6158733","2002-01-13 22:00","2002","01","13","22:00","-2.1","","-8.5","","62","","32","","26","","24.1","","99.20","","","","-9","","Mostly Cloudy"
"-79.63","43.68","TORONTO LESTER B. PEARSON INT'L A","6158733","2002-01-13 23:00","2002","01","13","23:00","-2.6","","-9.0","","61","","32","","28","","24.1","","99.32","","","","-10","","Mainly Clear"
"-79.63","43.68","TORONTO LESTER B. PEARSON INT'L A","6158733","2002-01-14 00:00","2002","01","14","00:00","-3.2","","-9.3","","63","","33","","26","","24.1","","99.29","","","","-10","","Clear"
"-79.63","43.68","TORONTO LESTER B. PEARSON INT'L A","6158733","2002-01-14 01:00","2002","01","14","01:00","-4.0","","-9.2","","67","","32","","15","","24.1","","99.38","","","","-9","","Clear"
"-79.63","43.68","TORONTO LESTER B. PEARSON INT'L A","6158733","2002-01-14 02:00","2002","01","14","02:00","-4.5","","-9.2","","70","","36","","13","","24.1","","99.37","","","","-10","","Clear"
"-79.63","43.68","TORONTO LESTER B. PEARSON INT'L A","6158733","2002-01-14 03:00","2002","01","14","03:00","-5.0","","-9.4","","71","","1","","4","","24.1","","99.49","","","","-7","","Mainly Clear"
"-79.63","43.68","TORONTO LESTER B. PEARSON INT'L A","6158733","2002-01-14 04:00","2002","01","14","04:00","-4.6","","-9.2","","70","","3","","9","","24.1","","99.51","","","","-8","","Mostly Cloudy"
"-79.63","43.68","TORONTO LESTER B. PEARSON INT'L A","6158733","2002-01-14 05:00","2002","01","14","05:00","-5.0","","-9.7","","70","","3","","11","","24.1","","99.54","","","","-10","","Cloudy"
"-79.63","43.68","TORONTO LESTER B. PEARSON INT'L A","6158733","2002-01-14 06:00","2002","01","14","06:00","-4.8","","-9.6","","69","","7","","4","","24.1","","99.61","","","","-7","","Cloudy"
"-79.63","43.68","TORONTO LESTER B. PEARSON INT'L A","6158733","2002-01-14 07:00","2002","01","14","07:00","-4.6","","-9.5","","69","","9","","9","","24.1","","99.57","","","","-8","","Cloudy"
"-79.63","43.68","TORONTO LESTER B. PEARSON INT'L A","6158733","2002-01-14 08:00","2002","01","14","08:00","-4.4","","-9.1","","70","","8","","15","","24.1","","99.52","","","","-10","","Cloudy"
"-79.63","43.68","TORONTO LESTER B. PEARSON INT'L A","6158733","2002-01-14 09:00","2002","01","14","09:00","-4.5","","-8.8","","72","","8","","15","","24.1","","99.48","","","","-10","","Mostly Cloudy"
"-79.63","43.68","TORONTO LESTER B. PEARSON INT'L A","6158733","2002-01-14 10:00","2002","01","14","10:00","-4.2","","-8.0","","75","","9","","22","","24.1","","99.38","","","","-11","","Cloudy"
"-79.63","43.68","TORONTO LESTER B. PEARSON INT'L A","6158733","2002-01-14 11:00","2002","01","14","11:00","-2.2","","-5.2","","80","","9","","19","","19.3","","99.38","","","","-8","","Snow Showers"
"-79.63","43.68","TORONTO LESTER B. PEARSON INT'L A","6158733","2002-01-14 12:00","2002","01","14","12:00","-1.5","","-4.3","","81","","11","","32","","19.3","","99.22","","","","-9","","Snow Showers"
"-79.63","43.68","TORONTO LESTER B. PEARSON INT'L A","6158733","2002-01-14 13:00","2002","01","14","13:00","-1.0","","-3.9","","81","","10","","26","","16.1","","99.05","","","","-7","","Snow Showers"
"-79.63","43.68","TORONTO LESTER B. PEARSON INT'L A","6158733","2002-01-14 14:00","2002","01","14","14:00","-0.9","","-3.4","","83","","9","","24","","16.1","","98.91","","","","-7","","Snow Showers"
"-79.63","43.68","TORONTO LESTER B. PEARSON INT'L A","6158733","2002-01-14 15:00","2002","01","14","15:00","0.3","","-3.0","","78","","10","","20","","16.1","","98.88","","","","","","Snow Showers"
"-79.63","43.68","TORONTO LESTER B. PEARSON INT'L A","6158733","2002-01-14 16:00","2002","01","14","16:00","0.7","","-2.9","","77","","10","","26","","9.7","","98.88","","","","","","Snow"
"-79.63","43.68","TORONTO LESTER B. PEARSON INT'L A","6158733","2002-01-14 17:00","2002","01","14","17:00","0.4","","-1.7","","86","","10","","30","","2.4","","98.73","","","","","","Snow"
"-79.63","43.68","TORONTO LESTER B. PEARSON INT'L A","6158733","2002-01-14 18:00","2002","01","14","18:00","0.6","","-1.0","","89","","10","","24","","4.0","","98.72","","","","","","Snow"
"-79.63","43.68","TORONTO LESTER B. PEARSON INT'L A","6158733","2002-01-14 19:00","2002","01","14","19:00","0.9","","-0.6","","90","","11","","15","","6.4","","98.68","","","","","","Snow"
"-79.63","43.68","TORONTO LESTER B. PEARSON INT'L A","6158733","2002-01-14 20:00","2002","01","14","20:00","1.2","","-0.5","","88","","13","","11","","4.8","","98.65","","","","","","Snow"
"-79.63","43.68","TORONTO LESTER B. PEARSON INT'L A","6158733","2002-01-14 21:00","2002","01","14","21:00","1.3","","0.0","","91","","12","","9","","4.8","","98.59","","","","","","Snow"
"-79.63","43.68","TORONTO LESTER B. PEARSON INT'L A","6158733","2002-01-14 22:00","2002","01","14","22:00","1.4","","0.4","","93","","9","","11","","4.8","","98.54","","","","","","Fog"
"-79.63","43.68","TORONTO LESTER B. PEARSON INT'L A","6158733","2002-01-14 23:00","2002","01","14","23:00","1.7","","0.5","","92","","11","","13","","4.8","","98.48","","","","","","Fog"
"-79.63","43.68","TORONTO LESTER B. PEARSON INT'L A","6158733","2002-01-15 00:00","2002","01","15","00:00","2.0","","0.8","","92","","10","","7","","4.8","","98.44","","","","","","Fog"
"-79.63","43.68","TORONTO LESTER B. PEARSON INT'L A","6158733","2002-01-15 01:00","2002","01","15","01:00","2.5","","1.2","","91","","11","","13","","6.4","","98.39","","","","","","Rain"
"-79.63","43.68","TORONTO LESTER B. PEARSON INT'L A","6158733","2002-01-15 02:00","2002","01","15","02:00","2.6","","1.3","","91","","13","","11","","6.4","","98.40","","","","","","Rain"
"-79.63","43.68","TORONTO LESTER B. PEARSON INT'L A","6158733","2002-01-15 03:00","2002","01","15","03:00","2.6","","1.6","","93","","18","","6","","4.0","","98.43","","","","","","Rain,Fog"
"-79.63","43.68","TORONTO LESTER B. PEARSON INT'L A","6158733","2002-01-15 04:00","2002","01","15","04:00","1.1","","-0.2","","91","","21","","9","","4.8","","98.41","","","","","","Freezing Rain,Fog"
"-79.63","43.68","TORONTO LESTER B. PEARSON INT'L A","6158733","2002-01-15 05:00","2002","01","15","05:00","1.6","","0.0","","89","","23","","24","","8.0","","98.40","","","","","","Rain"
"-79.63","43.68","TORONTO LESTER B. PEARSON INT'L A","6158733","2002-01-15 06:00","2002","01","15","06:00","0.9","","-0.4","","91","","22","","15","","4.8","","98.44","","","","","","Snow"
"-79.63","43.68","TORONTO LESTER B. PEARSON INT'L A","6158733","2002-01-15 07:00","2002","01","15","07:00","1.5","","-0.1","","89","","24","","19","","6.4","","98.46","","","","","","Fog"
"-79.63","43.68","TORONTO LESTER B. PEARSON INT'L A","6158733","2002-01-15 08:00","2002","01","15","08:00","1.5","","-0.2","","88","","24","","22","","6.4","","98.51","","","","","","Rain Showers,Snow Showers"
"-79.63","43.68","TORONTO LESTER B. PEARSON INT'L A","6158733","2002-01-15 09:00","2002","01","15","09:00","1.8","","0.0","","88","","25","","22","","12.9","","98.58","","","","","","Rain Showers"
"-79.63","43.68","TORONTO LESTER B. PEARSON INT'L A","6158733","2002-01-15 10:00","2002","01","15","10:00","2.1","","-0.1","","85","","26","","26","","12.9","","98.60","","","","","","Rain,Ice Pellets"
"-79.63","43.68","TORONTO LESTER B. PEARSON INT'L A","6158733","2002-01-15 11:00","2002","01","15","11:00","2.1","","-0.2","","85","","25","","20","","12.9","","98.67","","","","","","Rain"
"-79.63","43.68","TORONTO LESTER B. PEARSON INT'L A","6158733","2002-01-15 12:00","2002","01","15","12:00","2.3","","-0.4","","82","","24","","24","","12.9","","98.63","","","","","","Cloudy"
"-79.63","43.68","TORONTO LESTER B. PEARSON INT'L A","6158733","2002-01-15 13:00","2002","01","15","13:00","2.4","","-0.4","","82","","26","","24","","14.5","","98.59","","","","","","Cloudy"
"-79.63","43.68","TORONTO LESTER B. PEARSON INT'L A","6158733","2002-01-15 14:00","2002","01","15","14:00","2.7","","-0.3","","81","","26","","24","","12.9","","98.58","","","","","","Rain"
"-79.63","43.68","TORONTO LESTER B. PEARSON INT'L A","6158733","2002-01-15 15:00","2002","01","15","15:00","1.9","","0.1","","88","","27","","19","","6.4","","98.64","","","","","","Rain,Ice Pellets"
"-79.63","43.68","TORONTO LESTER B. PEARSON INT'L A","6158733","2002-01-15 16:00","2002","01","15","16:00","-0.3","","-1.9","","89","","35","","19","","1.2","","98.82","","","","-5","","Snow"
"-79.63","43.68","TORONTO LESTER B. PEARSON INT'L A","6158733","2002-01-15 17:00","2002","01","15","17:00","-0.1","","-2.0","","87","","34","","22","","3.6","","98.94","","","","-6","","Snow"
"-79.63","43.68","TORONTO LESTER B. PEARSON INT'L A","6158733","2002-01-15 18:00","2002","01","15","18:00","-0.2","","-3.2","","80","","30","","33","","9.7","","99.08","","","","-7","","Snow"
"-79.63","43.68","TORONTO LESTER B. PEARSON INT'L A","6158733","2002-01-15 19:00","2002","01","15","19:00","-0.3","","-4.2","","75","","32","","28","","24.1","","99.22","","","","-7","","Cloudy"
"-79.63","43.68","TORONTO LESTER B. PEARSON INT'L A","6158733","2002-01-15 20:00","2002","01","15","20:00","-0.1","","-4.4","","73","","30","","24","","24.1","","99.33","","","","-6","","Cloudy"
"-79.63","43.68","TORONTO LESTER B. PEARSON INT'L A","6158733","2002-01-15 21:00","2002","01","15","21:00","-0.8","","-5.2","","72","","29","","37","","24.1","","99.45","","","","-8","","Cloudy"
"-79.63","43.68","TORONTO LESTER B. PEARSON INT'L A","6158733","2002-01-15 22:00","2002","01","15","22:00","-1.7","","-6.2","","71","","28","","26","","24.1","","99.54","","","","-8","","Mostly Cloudy"
"-79.63","43.68","TORONTO LESTER B. PEARSON INT'L A","6158733","2002-01-15 23:00","2002","01","15","23:00","-1.8","","-6.5","","70","","29","","26","","24.1","","99.60","","","","-8","","Mostly Cloudy"
"-79.63","43.68","TORONTO LESTER B. PEARSON INT'L A","6158733","2002-01-16 00:00","2002","01","16","00:00","-2.0","","-6.7","","70","","28","","28","","24.1","","99.65","","","","-9","","Mostly Cloudy"
"-79.63","43.68","TORONTO LESTER B. PEARSON INT'L A","6158733","2002-01-16 01:00","2002","01","16","01:00","-2.4","","-7.3","","69","","28","","26","","24.1","","99.71","","","","-9","","Mainly Clear"
"-79.63","43.68","TORONTO LESTER B. PEARSON INT'L A","6158733","2002-01-16 02:00","2002","01","16","02:00","-2.8","","-7.2","","72","","28","","24","","24.1","","99.79","","","","-9","","Mostly Cloudy"
"-79.63","43.68","TORONTO LESTER B. PEARSON INT'L A","6158733","2002-01-16 03:00","2002","01","16","03:00","-2.8","","-7.0","","73","","27","","20","","24.1","","99.89","","","","-9","","Mostly Cloudy"
"-79.63","43.68","TORONTO LESTER B. PEARSON INT'L A","6158733","2002-01-16 04:00","2002","01","16","04:00","-3.4","","-7.2","","75","","28","","17","","24.1","","99.99","","","","-9","","Mostly Cloudy"
"-79.63","43.68","TORONTO LESTER B. PEARSON INT'L A","6158733","2002-01-16 05:00","2002","01","16","05:00","-3.8","","-7.5","","75","","27","","17","","24.1","","100.03","","","","-10","","Mainly Clear"
"-79.63","43.68","TORONTO LESTER B. PEARSON INT'L A","6158733","2002-01-16 06:00","2002","01","16","06:00","-4.1","","-7.8","","75","","28","","13","","24.1","","100.06","","","","-9","","Mainly Clear"
"-79.63","43.68","TORONTO LESTER B. PEARSON INT'L A","6158733","2002-01-16 07:00","2002","01","16","07:00","-3.9","","-7.9","","74","","31","","13","","24.1","","100.06","","","","-9","","Mainly Clear"
"-79.63","43.68","TORONTO LESTER B. PEARSON INT'L A","6158733","2002-01-16 08:00","2002","01","16","08:00","-4.7","","-8.0","","78","","26","","15","","24.1","","100.10","","","","-10","","Mainly Clear"
"-79.63","43.68","TORONTO LESTER B. PEARSON INT'L A","6158733","2002-01-16 09:00","2002","01","16","09:00","-3.8","","-7.4","","76","","25","","15","","24.1","","100.15","","","","-9","","Mostly Cloudy"
"-79.63","43.68","TORONTO LESTER B. PEARSON INT'L A","6158733","2002-01-16 10:00","2002","01","16","10:00","-2.1","","-5.9","","75","","26","","15","","24.1","","100.14","","","","-7","","Mostly Cloudy"
"-79.63","43.68","TORONTO LESTER B. PEARSON INT'L A","6158733","2002-01-16 11:00","2002","01","16","11:00","-1.4","","-5.3","","75","","25","","17","","24.1","","100.14","","","","-7","","Cloudy"
"-79.63","43.68","TORONTO LESTER B. PEARSON INT'L A","6158733","2002-01-16 12:00","2002","01","16","12:00","-0.7","","-5.2","","72","","25","","17","","24.1","","100.06","","","","-6","","Cloudy"
"-79.63","43.68","TORONTO LESTER B. PEARSON INT'L A","6158733","2002-01-16 13:00","2002","01","16","13:00","-0.5","","-4.8","","73","","24","","20","","8.0","","100.00","","","","-6","","Snow"
"-79.63","43.68","TORONTO LESTER B. PEARSON INT'L A","6158733","2002-01-16 14:00","2002","01","16","14:00","-0.2","","-4.3","","74","","23","","20","","16.1","","99.93","","","","-5","","Snow"
"-79.63","43.68","TORONTO LESTER B. PEARSON INT'L A","6158733","2002-01-16 15:00","2002","01","16","15:00","0.6","","-4.0","","71","","25","","22","","19.3","","99.87","","","","","","Cloudy"
"-79.63","43.68","TORONTO LESTER B. PEARSON INT'L A","6158733","2002-01-16 16:00","2002","01","16","16:00","0.5","","-4.6","","69","","23","","24","","24.1","","99.83","","","","","","Cloudy"
"-79.63","43.68","TORONTO LESTER B. PEARSON INT'L A","6158733","2002-01-16 17:00","2002","01","16","17:00","0.1","","-3.6","","76","","21","","17","","16.1","","99.78","","","","","","Cloudy"
"-79.63","43.68","TORONTO LESTER B. PEARSON INT'L A","6158733","2002-01-16 18:00","2002","01","16","18:00","0.1","","-4.3","","72","","21","","26","","16.1","","99.71","","","","","","Snow"
"-79.63","43.68","TORONTO LESTER B. PEARSON INT'L A","6158733","2002-01-16 19:00","2002","01","16","19:00","-0.7","","-3.4","","82","","21","","19","","11.3","","99.62","","","","-6","","Snow"
"-79.63","43.68","TORONTO LESTER B. PEARSON INT'L A","6158733","2002-01-16 20:00","2002","01","16","20:00","-0.1","","-4.3","","73","","20","","11","","24.1","","99.50","","","","-4","","Cloudy"
"-79.63","43.68","TORONTO LESTER B. PEARSON INT'L A","6158733","2002-01-16 21:00","2002","01","16","21:00","0.3","","-4.5","","70","","21","","13","","19.3","","99.38","","","","","","Snow"
"-79.63","43.68","TORONTO LESTER B. PEARSON INT'L A","6158733","2002-01-16 22:00","2002","01","16","22:00","-0.8","","-2.5","","88","","20","","11","","3.2","","99.27","","","","-5","","Snow"
"-79.63","43.68","TORONTO LESTER B. PEARSON INT'L A","6158733","2002-01-16 23:00","2002","01","16","23:00","-0.6","","-1.8","","92","","18","","11","","1.2","","99.21","","","","-4","","Snow"
"-79.63","43.68","TORONTO LESTER B. PEARSON INT'L A","6158733","2002-01-17 00:00","2002","01","17","00:00","-0.4","","-1.6","","92","","19","","13","","1.6","","99.06","","","","-5","","Snow"
"-79.63","43.68","TORONTO LESTER B. PEARSON INT'L A","6158733","2002-01-17 01:00","2002","01","17","01:00","-0.2","","-1.4","","92","","18","","20","","2.8","","98.92","","","","-5","","Snow"
"-79.63","43.68","TORONTO LESTER B. PEARSON INT'L A","6158733","2002-01-17 02:00","2002","01","17","02:00","-0.1","","-1.3","","92","","19","","15","","4.0","","98.76","","","","-5","","Snow"
"-79.63","43.68","TORONTO LESTER B. PEARSON INT'L A","6158733","2002-01-17 03:00","2002","01","17","03:00","0.1","","-1.2","","91","","20","","17","","4.0","","98.62","","","","","","Snow"
"-79.63","43.68","TORONTO LESTER B. PEARSON INT'L A","6158733","2002-01-17 04:00","2002","01","17","04:00","0.1","","-1.1","","92","","22","","15","","3.2","","98.53","","","","","","Snow"
"-79.63","43.68","TORONTO LESTER B. PEARSON INT'L A","6158733","2002-01-17 05:00","2002","01","17","05:00","0.2","","-1.1","","91","","22","","15","","11.3","","98.48","","","","","","Snow"
"-79.63","43.68","TORONTO LESTER B. PEARSON INT'L A","6158733","2002-01-17 06:00","2002","01","17","06:00","0.7","","-0.9","","89","","24","","19","","14.5","","98.50","","","","","","Snow"
"-79.63","43.68","TORONTO LESTER B. PEARSON INT'L A","6158733","2002-01-17 07:00","2002","01","17","07:00","1.1","","-1.3","","84","","26","","24","","14.5","","98.56","","","","","","Cloudy"
"-79.63","43.68","TORONTO LESTER B. PEARSON INT'L A","6158733","2002-01-17 08:00","2002","01","17","08:00","0.4","","-3.0","","78","","27","","17","","14.5","","98.66","","","","","","Mostly Cloudy"
"-79.63","43.68","TORONTO LESTER B. PEARSON INT'L A","6158733","2002-01-17 09:00","2002","01","17","09:00","0.3","","-2.7","","80","","28","","26","","11.3","","98.78","","","","","","Snow"
"-79.63","43.68","TORONTO LESTER B. PEARSON INT'L A","6158733","2002-01-17 10:00","2002","01","17","10:00","0.2","","-4.0","","73","","28","","32","","16.1","","98.90","","","","","","Mostly Cloudy"
"-79.63","43.68","TORONTO LESTER B. PEARSON INT'L A","6158733","2002-01-17 11:00","2002","01","17","11:00","-0.4","","-6.0","","66","","29","","46","","24.1","","99.03","","","","-8","","Mainly Clear"
"-79.63","43.68","TORONTO LESTER B. PEARSON INT'L A","6158733","2002-01-17 12:00","2002","01","17","12:00","-0.4","","-5.5","","68","","27","","39","","24.1","","99.04","","","","-8","","Mainly Clear"
"-79.63","43.68","TORONTO LESTER B. PEARSON INT'L A","6158733","2002-01-17 13:00","2002","01","17","13:00","-0.1","","-5.4","","67","","27","","39","","24.1","","99.11","","","","-7","","Mostly Cloudy"
"-79.63","43.68","TORONTO LESTER B. PEARSON INT'L A","6158733","2002-01-17 14:00","2002","01","17","14:00","-0.4","","-6.1","","65","","27","","41","","24.1","","99.17","","","","-8","","Mostly Cloudy"
"-79.63","43.68","TORONTO LESTER B. PEARSON INT'L A","6158733","2002-01-17 15:00","2002","01","17","15:00","-0.3","","-5.9","","66","","28","","43","","24.1","","99.25","","","","-8","","Mainly Clear"
"-79.63","43.68","TORONTO LESTER B. PEARSON INT'L A","6158733","2002-01-17 16:00","2002","01","17","16:00","-0.9","","-6.4","","66","","27","","39","","24.1","","99.30","","","","-9","","Mostly Cloudy"
"-79.63","43.68","TORONTO LESTER B. PEARSON INT'L A","6158733","2002-01-17 17:00","2002","01","17","17:00","-1.7","","-7.0","","67","","28","","30","","24.1","","99.35","","","","-9","","Mainly Clear"
"-79.63","43.68","TORONTO LESTER B. PEARSON INT'L A","6158733","2002-01-17 18:00","2002","01","17","18:00","-2.5","","-7.1","","71","","26","","28","","24.1","","99.41","","","","-10","","Clear"
"-79.63","43.68","TORONTO LESTER B. PEARSON INT'L A","6158733","2002-01-17 19:00","2002","01","17","19:00","-2.9","","-7.4","","71","","27","","30","","24.1","","99.45","","","","-10","","Mostly Cloudy"
"-79.63","43.68","TORONTO LESTER B. PEARSON INT'L A","6158733","2002-01-17 20:00","2002","01","17","20:00","-3.4","","-7.5","","73","","26","","26","","24.1","","99.47","","","","-10","","Mostly Cloudy"
"-79.63","43.68","TORONTO LESTER B. PEARSON INT'L A","6158733","2002-01-17 21:00","2002","01","17","21:00","-3.2","","-7.7","","71","","25","","24","","24.1","","99.43","","","","-10","","Mostly Cloudy"
"-79.63","43.68","TORONTO LESTER B. PEARSON INT'L A","6158733","2002-01-17 22:00","2002","01","17","22:00","-3.7","","-7.8","","73","","25","","24","","24.1","","99.45","","","","-11","","Mostly Cloudy"
"-79.63","43.68","TORONTO LESTER B. PEARSON INT'L A","6158733","2002-01-17 23:00","2002","01","17","23:00","-3.6","","-7.5","","74","","25","","30","","24.1","","99.43","","","","-11","","Mostly Cloudy"
"-79.63","43.68","TORONTO LESTER B. PEARSON INT'L A","6158733","2002-01-18 00:00","2002","01","18","00:00","-4.2","","-7.9","","75","","24","","26","","24.1","","99.41","","","","-11","","Mainly Clear"
"-79.63","43.68","TORONTO LESTER B. PEARSON INT'L A","6158733","2002-01-18 01:00","2002","01","18","01:00","-4.5","","-8.1","","76","","24","","26","","24.1","","99.38","","","","-12","","Mainly Clear"
"-79.63","43.68","TORONTO LESTER B. PEARSON INT'L A","6158733","2002-01-18 02:00","2002","01","18","02:00","-4.7","","-8.5","","75","","25","","22","","19.3","","99.36","","","","-12","","Snow"
"-79.63","43.68","TORONTO LESTER B. PEARSON INT'L A","6158733","2002-01-18 03:00","2002","01","18","03:00","-4.6","","-8.4","","75","","24","","22","","16.1","","99.37","","","","-11","","Snow"
"-79.63","43.68","TORONTO LESTER B. PEARSON INT'L A","6158733","2002-01-18 04:00","2002","01","18","04:00","-5.0","","-8.8","","75","","24","","19","","16.1","","99.33","","","","-11","","Snow"
"-79.63","43.68","TORONTO LESTER B. PEARSON INT'L A","6158733","2002-01-18 05:00","2002","01","18","05:00","-5.4","","-9.2","","75","","24","","19","","19.3","","99.30","","","","-12","","Snow"
"-79.63","43.68","TORONTO LESTER B. PEARSON INT'L A","6158733","2002-01-18 06:00","2002","01","18","06:00","-5.9","","-9.6","","75","","22","","17","","16.1","","99.33","","","","-12","","Snow"
"-79.63","43.68","TORONTO LESTER B. PEARSON INT'L A","6158733","2002-01-18 07:00","2002","01","18","07:00","-5.7","","-9.0","","77","","23","","19","","16.1","","99.34","","","","-12","","Snow"
"-79.63","43.68","TORONTO LESTER B. PEARSON INT'L A","6158733","2002-01-18 08:00","2002","01","18","08:00","-5.6","","-9.4","","75","","25","","20","","12.9","","99.35","","","","-12","","Mostly Cloudy"
"-79.63","43.68","TORONTO LESTER B. PEARSON INT'L A","6158733","2002-01-18 09:00","2002","01","18","09:00","-4.8","","-8.5","","75","","23","","26","","11.3","","99.35","","","","-12","","Mostly Cloudy"
"-79.63","43.68","TORONTO LESTER B. PEARSON INT'L A","6158733","2002-01-18 10:00","2002","01","18","10:00","-4.0","","-8.2","","73","","26","","35","","16.1","","99.44","","","","-12","","Mainly Clear"
"-79.63","43.68","TORONTO LESTER B. PEARSON INT'L A","6158733","2002-01-18 11:00","2002","01","18","11:00","-4.1","","-8.6","","71","","27","","37","","9.7","","99.53","","","","-13","","Snow Showers"
"-79.63","43.68","TORONTO LESTER B. PEARSON INT'L A","6158733","2002-01-18 12:00","2002","01","18","12:00","-3.8","","-7.6","","75","","27","","33","","16.1","","99.53","","","","-12","","Mainly Clear"
"-79.63","43.68","TORONTO LESTER B. PEARSON INT'L A","6158733","2002-01-18 13:00","2002","01","18","13:00","-3.0","","-8.7","","65","","29","","32","","6.4","","99.59","","","","-11","","Snow Showers"
"-79.63","43.68","TORONTO LESTER B. PEARSON INT'L A","6158733","2002-01-18 14:00","2002","01","18","14:00","-3.9","","-10.1","","62","","29","","39","","24.1","","99.62","","","","-13","","Mainly Clear"
"-79.63","43.68","TORONTO LESTER B. PEARSON INT'L A","6158733","2002-01-18 15:00","2002","01","18","15:00","-3.5","","-11.0","","56","","27","","35","","24.1","","99.69","","","","-12","","Mainly Clear"
"-79.63","43.68","TORONTO LESTER B. PEARSON INT'L A","6158733","2002-01-18 16:00","2002","01","18","16:00","-4.2","","-12.0","","55","","27","","41","","24.1","","99.82","","","","-13","","Mainly Clear"
"-79.63","43.68","TORONTO LESTER B. PEARSON INT'L A","6158733","2002-01-18 17:00","2002","01","18","17:00","-5.1","","-11.2","","62","","27","","32","","24.1","","99.91","","","","-13","","Clear"
"-79.63","43.68","TORONTO LESTER B. PEARSON INT'L A","6158733","2002-01-18 18:00","2002","01","18","18:00","-6.0","","-10.8","","69","","27","","24","","24.1","","99.99","","","","-13","","Clear"
"-79.63","43.68","TORONTO LESTER B. PEARSON INT'L A","6158733","2002-01-18 19:00","2002","01","18","19:00","-6.9","","-12.3","","65","","28","","19","","24.1","","100.04","","","","-14","","Clear"
"-79.63","43.68","TORONTO LESTER B. PEARSON INT'L A","6158733","2002-01-18 20:00","2002","01","18","20:00","-7.5","","-12.4","","68","","27","","22","","24.1","","100.08","","","","-15","","Clear"
"-79.63","43.68","TORONTO LESTER B. PEARSON INT'L A","6158733","2002-01-18 21:00","2002","01","18","21:00","-8.3","","-12.8","","70","","27","","22","","24.1","","100.11","","","","-16","","Clear"
"-79.63","43.68","TORONTO LESTER B. PEARSON INT'L A","6158733","2002-01-18 22:00","2002","01","18","22:00","-8.8","","-13.1","","71","","27","","17","","24.1","","100.06","","","","-16","","Clear"
"-79.63","43.68","TORONTO LESTER B. PEARSON INT'L A","6158733","2002-01-18 23:00","2002","01","18","23:00","-9.1","","-13.2","","72","","27","","15","","24.1","","100.02","","","","-16","","Clear"
"-79.63","43.68","TORONTO LESTER B. PEARSON INT'L A","6158733","2002-01-19 00:00","2002","01","19","00:00","-9.6","","-13.4","","74","","25","","17","","24.1","","100.08","","","","-17","","Clear"
"-79.63","43.68","TORONTO LESTER B. PEARSON INT'L A","6158733","2002-01-19 01:00","2002","01","19","01:00","-11.0","","-14.0","","78","","26","","11","","24.1","","99.97","","","","-17","","Clear"
"-79.63","43.68","TORONTO LESTER B. PEARSON INT'L A","6158733","2002-01-19 02:00","2002","01","19","02:00","-10.3","","-13.9","","75","","25","","6","","24.1","","99.92","","","","-14","","Mainly Clear"
"-79.63","43.68","TORONTO LESTER B. PEARSON INT'L A","6158733","2002-01-19 03:00","2002","01","19","03:00","-10.2","","-14.3","","72","","24","","11","","24.1","","99.90","","","","-16","","Mainly Clear"
"-79.63","43.68","TORONTO LESTER B. PEARSON INT'L A","6158733","2002-01-19 04:00","2002","01","19","04:00","-11.1","","-14.9","","73","","26","","7","","24.1","","99.85","","","","-15","","Mostly Cloudy"
"-79.63","43.68","TORONTO LESTER B. PEARSON INT'L A","6158733","2002-01-19 05:00","2002","01","19","05:00","-11.2","","-14.9","","74","","26","","7","","24.1","","99.85","","","","-15","","Mostly Cloudy"
"-79.63","43.68","TORONTO LESTER B. PEARSON INT'L A","6158733","2002-01-19 06:00","2002","01","19","06:00","-10.7","","-14.6","","73","","25","","6","","24.1","","99.81","","","","-14","","Mostly Cloudy"
"-79.63","43.68","TORONTO LESTER B. PEARSON INT'L A","6158733","2002-01-19 07:00","2002","01","19","07:00","-10.7","","-14.8","","72","","26","","7","","24.1","","99.78","","","","-15","","Mostly Cloudy"
"-79.63","43.68","TORONTO LESTER B. PEARSON INT'L A","6158733","2002-01-19 08:00","2002","01","19","08:00","-11.4","","-15.0","","75","","28","","7","","19.3","","99.73","","","","-16","","Mainly Clear"
"-79.63","43.68","TORONTO LESTER B. PEARSON INT'L A","6158733","2002-01-19 09:00","2002","01","19","09:00","-9.8","","-14.1","","71","","27","","6","","19.3","","99.70","","","","-13","","Mostly Cloudy"
"-79.63","43.68","TORONTO LESTER B. PEARSON INT'L A","6158733","2002-01-19 10:00","2002","01","19","10:00","-7.6","","-13.0","","65","","27","","11","","24.1","","99.69","","","","-13","","Mostly Cloudy"
"-79.63","43.68","TORONTO LESTER B. PEARSON INT'L A","6158733","2002-01-19 11:00","2002","01","19","11:00","-5.7","","-11.7","","63","","26","","15","","24.1","","99.59","","","","-11","","Mostly Cloudy"
"-79.63","43.68","TORONTO LESTER B. PEARSON INT'L A","6158733","2002-01-19 12:00","2002","01","19","12:00","-4.7","","-10.5","","64","","26","","15","","24.1","","99.45","","","","-10","","Cloudy"
"-79.63","43.68","TORONTO LESTER B. PEARSON INT'L A","6158733","2002-01-19 13:00","2002","01","19","13:00","-4.0","","-10.4","","61","","25","","17","","24.1","","99.32","","","","-10","","Cloudy"
"-79.63","43.68","TORONTO LESTER B. PEARSON INT'L A","6158733","2002-01-19 14:00","2002","01","19","14:00","-3.5","","-11.6","","53","","26","","11","","24.1","","99.21","","","","-8","","Mostly Cloudy"
"-79.63","43.68","TORONTO LESTER B. PEARSON INT'L A","6158733","2002-01-19 15:00","2002","01","19","15:00","-3.6","","-12.9","","48","","29","","11","","24.1","","99.11","","","","-8","","Mostly Cloudy"
"-79.63","43.68","TORONTO LESTER B. PEARSON INT'L A","6158733","2002-01-19 16:00","2002","01","19","16:00","-3.1","","-13.3","","45","","27","","4","","24.1","","99.11","","","","-5","","Mostly Cloudy"
"-79.63","43.68","TORONTO LESTER B. PEARSON INT'L A","6158733","2002-01-19 17:00","2002","01","19","17:00","-4.0","","-12.9","","50","","30","","6","","24.1","","99.07","","","","-7","","Mostly Cloudy"
"-79.63","43.68","TORONTO LESTER B. PEARSON INT'L A","6158733","2002-01-19 18:00","2002","01","19","18:00","-5.4","","-13.3","","54","","28","","6","","24.1","","99.08","","","","-8","","Mainly Clear"
"-79.63","43.68","TORONTO LESTER B. PEARSON INT'L A","6158733","2002-01-19 19:00","2002","01","19","19:00","-6.6","","-13.9","","56","","26","","9","","24.1","","99.11","","","","-11","","Clear"
"-79.63","43.68","TORONTO LESTER B. PEARSON INT'L A","6158733","2002-01-19 20:00","2002","01","19","20:00","-6.5","","-13.5","","58","","25","","7","","24.1","","99.12","","","","-10","","Mainly Clear"
"-79.63","43.68","TORONTO LESTER B. PEARSON INT'L A","6158733","2002-01-19 21:00","2002","01","19","21:00","-6.3","","-14.1","","54","","21","","9","","24.1","","99.07","","","","-11","","Clear"
"-79.63","43.68","TORONTO LESTER B. PEARSON INT'L A","6158733","2002-01-19 22:00","2002","01","19","22:00","-6.6","","-14.0","","56","","22","","9","","24.1","","99.03","","","","-11","","Mostly Cloudy"
"-79.63","43.68","TORONTO LESTER B. PEARSON INT'L A","6158733","2002-01-19 23:00","2002","01","19","23:00","-6.6","","-13.4","","58","","22","","11","","24.1","","99.00","","","","-12","","Clear"
"-79.63","43.68","TORONTO LESTER B. PEARSON INT'L A","6158733","2002-01-20 00:00","2002","01","20","00:00","-6.9","","-13.2","","61","","24","","15","","24.1","","98.99","","","","-13","","Clear"
"-79.63","43.68","TORONTO LESTER B. PEARSON INT'L A","6158733","2002-01-20 01:00","2002","01","20","01:00","-6.6","","-13.3","","59","","25","","24","","24.1","","99.00","","","","-14","","Clear"
"-79.63","43.68","TORONTO LESTER B. PEARSON INT'L A","6158733","2002-01-20 02:00","2002","01","20","02:00","-6.7","","-12.9","","61","","26","","24","","24.1","","99.00","","","","-14","","Clear"
"-79.63","43.68","TORONTO LESTER B. PEARSON INT'L A","6158733","2002-01-20 03:00","2002","01","20","03:00","-6.3","","-12.3","","62","","25","","26","","24.1","","99.05","","","","-14","","Mostly Cloudy"
"-79.63","43.68","TORONTO LESTER B. PEARSON INT'L A","6158733","2002-01-20 04:00","2002","01","20","04:00","-5.0","","-10.8","","64","","25","","20","","19.3","","99.10","","","","-12","","Cloudy"
"-79.63","43.68","TORONTO LESTER B. PEARSON INT'L A","6158733","2002-01-20 05:00","2002","01","20","05:00","-4.1","","-9.5","","66","","24","","22","","24.1","","99.13","","","","-11","","Cloudy"
"-79.63","43.68","TORONTO LESTER B. PEARSON INT'L A","6158733","2002-01-20 06:00","2002","01","20","06:00","-4.3","","-9.6","","66","","22","","19","","24.1","","99.13","","","","-10","","Mostly Cloudy"
"-79.63","43.68","TORONTO LESTER B. PEARSON INT'L A","6158733","2002-01-20 07:00","2002","01","20","07:00","-3.8","","-8.8","","68","","22","","20","","19.3","","99.17","","","","-10","","Mostly Cloudy"
"-79.63","43.68","TORONTO LESTER B. PEARSON INT'L A","6158733","2002-01-20 08:00","2002","01","20","08:00","-3.4","","-8.2","","69","","22","","17","","19.3","","99.24","","","","-9","","Mostly Cloudy"
"-79.63","43.68","TORONTO LESTER B. PEARSON INT'L A","6158733","2002-01-20 09:00","2002","01","20","09:00","-3.5","","-8.2","","70","","22","","20","","16.1","","99.28","","","","-10","","Mostly Cloudy"
"-79.63","43.68","TORONTO LESTER B. PEARSON INT'L A","6158733","2002-01-20 10:00","2002","01","20","10:00","-2.8","","-7.6","","69","","23","","22","","16.1","","99.36","","","","-9","","Mostly Cloudy"
"-79.63","43.68","TORONTO LESTER B. PEARSON INT'L A","6158733","2002-01-20 11:00","2002","01","20","11:00","-1.0","","-6.1","","68","","24","","26","","12.9","","99.41","","","","-7","","Mostly Cloudy"
"-79.63","43.68","TORONTO LESTER B. PEARSON INT'L A","6158733","2002-01-20 12:00","2002","01","20","12:00","0.0","","-5.4","","67","","23","","26","","14.5","","99.37","","","","-6","","Mostly Cloudy"
"-79.63","43.68","TORONTO LESTER B. PEARSON INT'L A","6158733","2002-01-20 13:00","2002","01","20","13:00","0.3","","-5.2","","67","","24","","19","","14.5","","99.34","","","","","","Mostly Cloudy"
"-79.63","43.68","TORONTO LESTER B. PEARSON INT'L A","6158733","2002-01-20 14:00","2002","01","20","14:00","0.6","","-5.0","","66","","24","","22","","12.9","","99.34","","","","","","Cloudy"
"-79.63","43.68","TORONTO LESTER B. PEARSON INT'L A","6158733","2002-01-20 15:00","2002","01","20","15:00","1.0","","-5.0","","64","","25","","17","","12.9","","99.37","","","","","","Cloudy"
"-79.63","43.68","TORONTO LESTER B. PEARSON INT'L A","6158733","2002-01-20 16:00","2002","01","20","16:00","1.1","","-4.6","","66","","23","","15","","14.5","","99.41","","","","","","Cloudy"
"-79.63","43.68","TORONTO LESTER B. PEARSON INT'L A","6158733","2002-01-20 17:00","2002","01","20","17:00","0.6","","-4.5","","69","","23","","24","","11.3","","99.44","","","","","","Cloudy"
"-79.63","43.68","TORONTO LESTER B. PEARSON INT'L A","6158733","2002-01-20 18:00","2002","01","20","18:00","0.2","","-4.4","","71","","22","","26","","11.3","","99.43","","","","","","Cloudy"
"-79.63","43.68","TORONTO LESTER B. PEARSON INT'L A","6158733","2002-01-20 19:00","2002","01","20","19:00","-0.1","","-5.1","","69","","23","","28","","16.1","","99.44","","","","-6","","Cloudy"
"-79.63","43.68","TORONTO LESTER B. PEARSON INT'L A","6158733","2002-01-20 20:00","2002","01","20","20:00","-0.2","","-5.0","","70","","24","","19","","16.1","","99.42","","","","-5","","Cloudy"
"-79.63","43.68","TORONTO LESTER B. PEARSON INT'L A","6158733","2002-01-20 21:00","2002","01","20","21:00","-1.0","","-5.4","","72","","24","","19","","19.3","","99.36","","","","-6","","Mainly Clear"
"-79.63","43.68","TORONTO LESTER B. PEARSON INT'L A","6158733","2002-01-20 22:00","2002","01","20","22:00","-0.7","","-5.2","","72","","23","","17","","16.1","","99.41","","","","-6","","Cloudy"
"-79.63","43.68","TORONTO LESTER B. PEARSON INT'L A","6158733","2002-01-20 23:00","2002","01","20","23:00","-0.9","","-5.4","","71","","23","","11","","16.1","","99.33","","","","-5","","Mostly Cloudy"
"-79.63","43.68","TORONTO LESTER B. PEARSON INT'L A","6158733","2002-01-21 00:00","2002","01","21","00:00","-1.3","","-5.3","","74","","21","","9","","16.1","","99.30","","","","-5","","Mostly Cloudy"
"-79.63","43.68","TORONTO LESTER B. PEARSON INT'L A","6158733","2002-01-21 01:00","2002","01","21","01:00","-0.9","","-4.7","","75","","20","","6","","16.1","","99.22","","","","-3","","Cloudy"
"-79.63","43.68","TORONTO LESTER B. PEARSON INT'L A","6158733","2002-01-21 02:00","2002","01","21","02:00","-0.7","","-5.0","","73","","21","","11","","16.1","","99.10","","","","-4","","Cloudy"
"-79.63","43.68","TORONTO LESTER B. PEARSON INT'L A","6158733","2002-01-21 03:00","2002","01","21","03:00","-0.4","","-5.0","","71","","20","","9","","16.1","","98.99","","","","-4","","Cloudy"
"-79.63","43.68","TORONTO LESTER B. PEARSON INT'L A","6158733","2002-01-21 04:00","2002","01","21","04:00","-0.2","","-4.8","","71","","19","","7","","16.1","","98.91","","","","-3","","Cloudy"
"-79.63","43.68","TORONTO LESTER B. PEARSON INT'L A","6158733","2002-01-21 05:00","2002","01","21","05:00","-0.3","","-4.9","","71","","19","","9","","16.1","","98.82","","","","-3","","Cloudy"
"-79.63","43.68","TORONTO LESTER B. PEARSON INT'L A","6158733","2002-01-21 06:00","2002","01","21","06:00","-0.2","","-4.9","","71","","16","","7","","16.1","","98.66","","","","-3","","Cloudy"
"-79.63","43.68","TORONTO LESTER B. PEARSON INT'L A","6158733","2002-01-21 07:00","2002","01","21","07:00","-0.1","","-4.7","","71","","17","","9","","16.1","","98.51","","","","-3","","Cloudy"
"-79.63","43.68","TORONTO LESTER B. PEARSON INT'L A","6158733","2002-01-21 08:00","2002","01","21","08:00","-0.1","","-4.3","","73","","12","","11","","12.9","","98.29","","","","-4","","Cloudy"
"-79.63","43.68","TORONTO LESTER B. PEARSON INT'L A","6158733","2002-01-21 09:00","2002","01","21","09:00","-1.0","","-2.8","","88","","16","","13","","1.0","","98.30","","","","-5","","Snow"
"-79.63","43.68","TORONTO LESTER B. PEARSON INT'L A","6158733","2002-01-21 10:00","2002","01","21","10:00","-0.8","","-2.0","","92","","18","","13","","1.6","","98.21","","","","-5","","Snow"
"-79.63","43.68","TORONTO LESTER B. PEARSON INT'L A","6158733","2002-01-21 11:00","2002","01","21","11:00","-0.2","","-1.1","","94","","22","","15","","2.0","","98.16","","","","-5","","Snow"
"-79.63","43.68","TORONTO LESTER B. PEARSON INT'L A","6158733","2002-01-21 12:00","2002","01","21","12:00","-0.1","","-1.9","","88","","25","","26","","9.7","","98.13","","","","-6","","Fog"
"-79.63","43.68","TORONTO LESTER B. PEARSON INT'L A","6158733","2002-01-21 13:00","2002","01","21","13:00","0.4","","-3.7","","74","","27","","39","","16.1","","98.14","","","","","","Cloudy"
"-79.63","43.68","TORONTO LESTER B. PEARSON INT'L A","6158733","2002-01-21 14:00","2002","01","21","14:00","0.4","","-4.2","","71","","26","","37","","16.1","","98.19","","","","","","Snow Showers"
"-79.63","43.68","TORONTO LESTER B. PEARSON INT'L A","6158733","2002-01-21 15:00","2002","01","21","15:00","0.2","","-3.7","","75","","26","","33","","12.9","","98.31","","","","","","Snow Showers"
"-79.63","43.68","TORONTO LESTER B. PEARSON INT'L A","6158733","2002-01-21 16:00","2002","01","21","16:00","0.0","","-3.5","","77","","27","","24","","12.9","","98.44","","","","-6","","Snow Showers"
"-79.63","43.68","TORONTO LESTER B. PEARSON INT'L A","6158733","2002-01-21 17:00","2002","01","21","17:00","-0.4","","-3.6","","79","","26","","19","","11.3","","98.54","","","","-6","","Mostly Cloudy"
"-79.63","43.68","TORONTO LESTER B. PEARSON INT'L A","6158733","2002-01-21 18:00","2002","01","21","18:00","0.2","","-3.8","","74","","27","","24","","12.9","","98.68","","","","","","Mainly Clear"
"-79.63","43.68","TORONTO LESTER B. PEARSON INT'L A","6158733","2002-01-21 19:00","2002","01","21","19:00","-0.1","","-4.7","","71","","27","","24","","24.1","","98.75","","","","-6","","Mostly Cloudy"
"-79.63","43.68","TORONTO LESTER B. PEARSON INT'L A","6158733","2002-01-21 20:00","2002","01","21","20:00","0.2","","-3.8","","74","","25","","20","","12.9","","98.84","","","","","","Snow"
"-79.63","43.68","TORONTO LESTER B. PEARSON INT'L A","6158733","2002-01-21 21:00","2002","01","21","21:00","0.5","","-3.0","","77","","24","","15","","12.9","","98.88","","","","","","Snow"
"-79.63","43.68","TORONTO LESTER B. PEARSON INT'L A","6158733","2002-01-21 22:00","2002","01","21","22:00","1.1","","-2.4","","77","","25","","26","","11.3","","98.92","","","","","","Snow"
"-79.63","43.68","TORONTO LESTER B. PEARSON INT'L A","6158733","2002-01-21 23:00","2002","01","21","23:00","1.6","","-3.1","","71","","28","","39","","14.5","","99.02","","","","","","Snow"
"-79.63","43.68","TORONTO LESTER B. PEARSON INT'L A","6158733","2002-01-22 00:00","2002","01","22","00:00","1.3","","-4.1","","67","","27","","35","","19.3","","99.18","","","","","","Cloudy"
"-79.63","43.68","TORONTO LESTER B. PEARSON INT'L A","6158733","2002-01-22 01:00","2002","01","22","01:00","1.0","","-4.1","","69","","28","","26","","19.3","","99.25","","","","","","Cloudy"
"-79.63","43.68","TORONTO LESTER B. PEARSON INT'L A","6158733","2002-01-22 02:00","2002","01","22","02:00","0.9","","-4.5","","67","","28","","30","","16.1","","99.39","","","","","","Cloudy"
"-79.63","43.68","TORONTO LESTER B. PEARSON INT'L A","6158733","2002-01-22 03:00","2002","01","22","03:00","0.8","","-4.4","","68","","27","","20","","19.3","","99.53","","","","","","Cloudy"
"-79.63","43.68","TORONTO LESTER B. PEARSON INT'L A","6158733","2002-01-22 04:00","2002","01","22","04:00","0.1","","-4.2","","73","","26","","22","","16.1","","99.65","","","","","","Mostly Cloudy"
"-79.63","43.68","TORONTO LESTER B. PEARSON INT'L A","6158733","2002-01-22 05:00","2002","01","22","05:00","-0.1","","-4.3","","73","","26","","24","","16.1","","99.73","","","","-6","","Cloudy"
"-79.63","43.68","TORONTO LESTER B. PEARSON INT'L A","6158733","2002-01-22 06:00","2002","01","22","06:00","-0.9","","-5.1","","73","","26","","22","","16.1","","99.86","","","","-7","","Mostly Cloudy"
"-79.63","43.68","TORONTO LESTER B. PEARSON INT'L A","6158733","2002-01-22 07:00","2002","01","22","07:00","-1.9","","-6.1","","73","","27","","13","","16.1","","99.98","","","","-6","","Mainly Clear"
"-79.63","43.68","TORONTO LESTER B. PEARSON INT'L A","6158733","2002-01-22 08:00","2002","01","22","08:00","-2.1","","-6.0","","75","","21","","9","","14.5","","100.08","","","","-6","","Mainly Clear"
"-79.63","43.68","TORONTO LESTER B. PEARSON INT'L A","6158733","2002-01-22 09:00","2002","01","22","09:00","-2.0","","-6.2","","73","","21","","11","","12.9","","100.09","","","","-6","","Mostly Cloudy"
"-79.63","43.68","TORONTO LESTER B. PEARSON INT'L A","6158733","2002-01-22 10:00","2002","01","22","10:00","-0.8","","-5.7","","69","","23","","11","","11.3","","100.14","","","","-5","","Mainly Clear"
"-79.63","43.68","TORONTO LESTER B. PEARSON INT'L A","6158733","2002-01-22 11:00","2002","01","22","11:00","0.6","","-3.8","","72","","22","","28","","11.3","","100.12","","","","","","Mainly Clear"
"-79.63","43.68","TORONTO LESTER B. PEARSON INT'L A","6158733","2002-01-22 12:00","2002","01","22","12:00","2.6","","-2.8","","68","","22","","22","","12.9","","100.03","","","","","","Clear"
"-79.63","43.68","TORONTO LESTER B. PEARSON INT'L A","6158733","2002-01-22 13:00","2002","01","22","13:00","4.2","","-2.1","","64","","23","","24","","12.9","","99.94","","","","","","Clear"
"-79.63","43.68","TORONTO LESTER B. PEARSON INT'L A","6158733","2002-01-22 14:00","2002","01","22","14:00","5.4","","-1.8","","60","","22","","20","","14.5","","99.86","","","","","","Clear"
"-79.63","43.68","TORONTO LESTER B. PEARSON INT'L A","6158733","2002-01-22 15:00","2002","01","22","15:00","5.8","","-1.9","","58","","22","","24","","16.1","","99.82","","","","","","Clear"
"-79.63","43.68","TORONTO LESTER B. PEARSON INT'L A","6158733","2002-01-22 16:00","2002","01","22","16:00","6.1","","-2.2","","55","","22","","19","","16.1","","99.83","","","","","","Mainly Clear"
"-79.63","43.68","TORONTO LESTER B. PEARSON INT'L A","6158733","2002-01-22 17:00","2002","01","22","17:00","5.3","","-2.7","","56","","20","","19","","19.3","","99.83","","","","","","Mainly Clear"
"-79.63","43.68","TORONTO LESTER B. PEARSON INT'L A","6158733","2002-01-22 18:00","2002","01","22","18:00","3.9","","-3.0","","61","","20","","9","","19.3","","99.86","","","","","","Mainly Clear"
"-79.63","43.68","TORONTO LESTER B. PEARSON INT'L A","6158733","2002-01-22 19:00","2002","01","22","19:00","4.1","","-3.2","","59","","21","","13","","24.1","","99.82","","","","","","Mostly Cloudy"
"-79.63","43.68","TORONTO LESTER B. PEARSON INT'L A","6158733","2002-01-22 20:00","2002","01","22","20:00","3.4","","-3.5","","61","","17","","7","","24.1","","99.77","","","","","","Mainly Clear"
"-79.63","43.68","TORONTO LESTER B. PEARSON INT'L A","6158733","2002-01-22 21:00","2002","01","22","21:00","3.7","","-3.6","","59","","17","","9","","24.1","","99.70","","","","","","Mostly Cloudy"
"-79.63","43.68","TORONTO LESTER B. PEARSON INT'L A","6158733","2002-01-22 22:00","2002","01","22","22:00","4.6","","-3.0","","58","","19","","11","","24.1","","99.62","","","","","","Mostly Cloudy"
"-79.63","43.68","TORONTO LESTER B. PEARSON INT'L A","6158733","2002-01-22 23:00","2002","01","22","23:00","5.0","","-2.7","","57","","21","","19","","24.1","","99.58","","","","","","Mostly Cloudy"
"-79.63","43.68","TORONTO LESTER B. PEARSON INT'L A","6158733","2002-01-23 00:00","2002","01","23","00:00","4.7","","-2.9","","58","","20","","15","","24.1","","99.48","","","","","","Mostly Cloudy"
"-79.63","43.68","TORONTO LESTER B. PEARSON INT'L A","6158733","2002-01-23 01:00","2002","01","23","01:00","4.8","","-3.2","","56","","20","","15","","24.1","","99.40","","","","","","Cloudy"
"-79.63","43.68","TORONTO LESTER B. PEARSON INT'L A","6158733","2002-01-23 02:00","2002","01","23","02:00","4.4","","-3.6","","56","","18","","9","","24.1","","99.30","","","","","","Mainly Clear"
"-79.63","43.68","TORONTO LESTER B. PEARSON INT'L A","6158733","2002-01-23 03:00","2002","01","23","03:00","3.6","","-4.1","","57","","18","","9","","24.1","","99.23","","","","","","Mainly Clear"
"-79.63","43.68","TORONTO LESTER B. PEARSON INT'L A","6158733","2002-01-23 04:00","2002","01","23","04:00","4.0","","-4.5","","54","","18","","9","","24.1","","99.14","","","","","","Mostly Cloudy"
"-79.63","43.68","TORONTO LESTER B. PEARSON INT'L A","6158733","2002-01-23 05:00","2002","01","23","05:00","3.5","","-4.5","","56","","18","","9","","24.1","","99.03","","","","","","Mainly Clear"
"-79.63","43.68","TORONTO LESTER B. PEARSON INT'L A","6158733","2002-01-23 06:00","2002","01","23","06:00","3.0","","-3.9","","60","","14","","4","","24.1","","98.97","","","","","","Mostly Cloudy"
"-79.63","43.68","TORONTO LESTER B. PEARSON INT'L A","6158733","2002-01-23 07:00","2002","01","23","07:00","4.3","","-4.4","","53","","19","","9","","24.1","","98.96","","","","","","Mainly Clear"
"-79.63","43.68","TORONTO LESTER B. PEARSON INT'L A","6158733","2002-01-23 08:00","2002","01","23","08:00","5.1","","-4.0","","52","","21","","11","","24.1","","98.95","","","","","","Mostly Cloudy"
"-79.63","43.68","TORONTO LESTER B. PEARSON INT'L A","6158733","2002-01-23 09:00","2002","01","23","09:00","6.2","","-2.5","","54","","21","","13","","24.1","","98.93","","","","","","Cloudy"
"-79.63","43.68","TORONTO LESTER B. PEARSON INT'L A","6158733","2002-01-23 10:00","2002","01","23","10:00","6.4","","1.0","","68","","24","","17","","24.1","","98.96","","","","","","Cloudy"
"-79.63","43.68","TORONTO LESTER B. PEARSON INT'L A","6158733","2002-01-23 11:00","2002","01","23","11:00","6.2","","2.9","","79","","23","","22","","19.3","","98.94","","","","","","Cloudy"
"-79.63","43.68","TORONTO LESTER B. PEARSON INT'L A","6158733","2002-01-23 12:00","2002","01","23","12:00","5.8","","3.0","","82","","22","","22","","14.5","","98.93","","","","","","Cloudy"
"-79.63","43.68","TORONTO LESTER B. PEARSON INT'L A","6158733","2002-01-23 13:00","2002","01","23","13:00","5.9","","3.2","","83","","23","","13","","16.1","","98.85","","","","","","Cloudy"
"-79.63","43.68","TORONTO LESTER B. PEARSON INT'L A","6158733","2002-01-23 14:00","2002","01","23","14:00","6.3","","3.4","","82","","18","","7","","16.1","","98.83","","","","","","Cloudy"
"-79.63","43.68","TORONTO LESTER B. PEARSON INT'L A","6158733","2002-01-23 15:00","2002","01","23","15:00","6.8","","3.8","","81","","22","","11","","14.5","","98.80","","","","","","Cloudy"
"-79.63","43.68","TORONTO LESTER B. PEARSON INT'L A","6158733","2002-01-23 16:00","2002","01","23","16:00","6.2","","3.6","","83","","25","","13","","11.3","","98.87","","","","","","Cloudy"
"-79.63","43.68","TORONTO LESTER B. PEARSON INT'L A","6158733","2002-01-23 17:00","2002","01","23","17:00","6.5","","3.9","","83","","20","","11","","8.0","","98.86","","","","","","Haze"
"-79.63","43.68","TORONTO LESTER B. PEARSON INT'L A","6158733","2002-01-23 18:00","2002","01","23","18:00","6.0","","3.9","","86","","18","","9","","8.0","","98.87","","","","","","Haze"
"-79.63","43.68","TORONTO LESTER B. PEARSON INT'L A","6158733","2002-01-23 19:00","2002","01","23","19:00","5.8","","3.9","","88","","19","","9","","12.9","","98.91","","","","","","Cloudy"
"-79.63","43.68","TORONTO LESTER B. PEARSON INT'L A","6158733","2002-01-23 20:00","2002","01","23","20:00","5.4","","3.7","","89","","26","","9","","11.3","","98.92","","","","","","Cloudy"
"-79.63","43.68","TORONTO LESTER B. PEARSON INT'L A","6158733","2002-01-23 21:00","2002","01","23","21:00","5.6","","3.9","","89","","24","","7","","6.4","","98.91","","","","","","Fog"
"-79.63","43.68","TORONTO LESTER B. PEARSON INT'L A","6158733","2002-01-23 22:00","2002","01","23","22:00","5.7","","4.6","","93","","22","","7","","2.8","","98.87","","","","","","Drizzle,Fog"
"-79.63","43.68","TORONTO LESTER B. PEARSON INT'L A","6158733","2002-01-23 23:00","2002","01","23","23:00","5.1","","4.2","","94","","27","","6","","0.8","","98.89","","","","","","Drizzle,Fog"
"-79.63","43.68","TORONTO LESTER B. PEARSON INT'L A","6158733","2002-01-24 00:00","2002","01","24","00:00","4.4","","3.5","","94","","30","","7","","2.4","","98.88","","","","","","Drizzle,Fog"
"-79.63","43.68","TORONTO LESTER B. PEARSON INT'L A","6158733","2002-01-24 01:00","2002","01","24","01:00","4.4","","3.4","","93","","32","","9","","4.8","","98.82","","","","","","Rain,Fog"
"-79.63","43.68","TORONTO LESTER B. PEARSON INT'L A","6158733","2002-01-24 02:00","2002","01","24","02:00","3.5","","2.2","","91","","36","","9","","8.0","","98.83","","","","","","Fog"
"-79.63","43.68","TORONTO LESTER B. PEARSON INT'L A","6158733","2002-01-24 03:00","2002","01","24","03:00","2.7","","1.3","","90","","1","","17","","4.8","","98.76","","","","","","Fog"
"-79.63","43.68","TORONTO LESTER B. PEARSON INT'L A","6158733","2002-01-24 04:00","2002","01","24","04:00","2.4","","0.5","","87","","2","","15","","9.7","","98.70","","","","","","Fog"
"-79.63","43.68","TORONTO LESTER B. PEARSON INT'L A","6158733","2002-01-24 05:00","2002","01","24","05:00","2.0","","0.3","","88","","35","","19","","4.8","","98.72","","","","","","Rain,Fog"
"-79.63","43.68","TORONTO LESTER B. PEARSON INT'L A","6158733","2002-01-24 06:00","2002","01","24","06:00","1.0","","-0.7","","88","","35","","17","","4.0","","98.75","","","","","","Rain,Snow,Fog"
"-79.63","43.68","TORONTO LESTER B. PEARSON INT'L A","6158733","2002-01-24 07:00","2002","01","24","07:00","0.8","","-0.7","","90","","1","","17","","4.0","","98.65","","","","","","Rain,Snow,Fog"
"-79.63","43.68","TORONTO LESTER B. PEARSON INT'L A","6158733","2002-01-24 08:00","2002","01","24","08:00","1.1","","-0.5","","89","","2","","17","","4.0","","98.69","","","","","","Rain,Snow,Ice Pellets"
"-79.63","43.68","TORONTO LESTER B. PEARSON INT'L A","6158733","2002-01-24 09:00","2002","01","24","09:00","1.1","","-0.5","","89","","36","","15","","3.2","","98.69","","","","","","Rain,Ice Pellets"
"-79.63","43.68","TORONTO LESTER B. PEARSON INT'L A","6158733","2002-01-24 10:00","2002","01","24","10:00","1.1","","-0.5","","89","","1","","15","","2.8","","98.66","","","","","","Snow,Ice Pellets"
"-79.63","43.68","TORONTO LESTER B. PEARSON INT'L A","6158733","2002-01-24 11:00","2002","01","24","11:00","1.4","","-0.4","","88","","2","","20","","4.0","","98.66","","","","","","Drizzle,Fog"
"-79.63","43.68","TORONTO LESTER B. PEARSON INT'L A","6158733","2002-01-24 12:00","2002","01","24","12:00","1.3","","-0.4","","88","","34","","15","","4.8","","98.64","","","","","","Fog"
"-79.63","43.68","TORONTO LESTER B. PEARSON INT'L A","6158733","2002-01-24 13:00","2002","01","24","13:00","1.4","","-0.7","","86","","34","","20","","4.8","","98.50","","","","","","Haze"
"-79.63","43.68","TORONTO LESTER B. PEARSON INT'L A","6158733","2002-01-24 14:00","2002","01","24","14:00","1.0","","-1.5","","83","","33","","30","","6.4","","98.57","","","","","","Haze"
"-79.63","43.68","TORONTO LESTER B. PEARSON INT'L A","6158733","2002-01-24 15:00","2002","01","24","15:00","0.3","","-2.0","","85","","35","","26","","4.8","","98.69","","","","","","Haze"
"-79.63","43.68","TORONTO LESTER B. PEARSON INT'L A","6158733","2002-01-24 16:00","2002","01","24","16:00","-0.3","","-3.0","","82","","36","","24","","11.3","","98.77","","","","-6","","Cloudy"
"-79.63","43.68","TORONTO LESTER B. PEARSON INT'L A","6158733","2002-01-24 17:00","2002","01","24","17:00","-0.8","","-3.8","","80","","36","","24","","11.3","","98.80","","","","-7","","Cloudy"
"-79.63","43.68","TORONTO LESTER B. PEARSON INT'L A","6158733","2002-01-24 18:00","2002","01","24","18:00","-1.2","","-4.7","","77","","36","","19","","12.9","","98.89","","","","-7","","Cloudy"
"-79.63","43.68","TORONTO LESTER B. PEARSON INT'L A","6158733","2002-01-24 19:00","2002","01","24","19:00","-1.8","","-5.6","","75","","30","","26","","24.1","","98.99","","","","-8","","Cloudy"
"-79.63","43.68","TORONTO LESTER B. PEARSON INT'L A","6158733","2002-01-24 20:00","2002","01","24","20:00","-2.4","","-6.1","","76","","31","","24","","24.1","","99.09","","","","-9","","Cloudy"
"-79.63","43.68","TORONTO LESTER B. PEARSON INT'L A","6158733","2002-01-24 21:00","2002","01","24","21:00","-3.4","","-8.2","","69","","32","","32","","24.1","","99.17","","","","-11","","Cloudy"
"-79.63","43.68","TORONTO LESTER B. PEARSON INT'L A","6158733","2002-01-24 22:00","2002","01","24","22:00","-3.2","","-8.3","","68","","32","","32","","24.1","","99.16","","","","-11","","Cloudy"
"-79.63","43.68","TORONTO LESTER B. PEARSON INT'L A","6158733","2002-01-24 23:00","2002","01","24","23:00","-3.5","","-8.2","","70","","31","","15","","24.1","","99.18","","","","-9","","Mostly Cloudy"
"-79.63","43.68","TORONTO LESTER B. PEARSON INT'L A","6158733","2002-01-25 00:00","2002","01","25","00:00","-4.4","","-8.4","","74","","28","","7","","24.1","","99.19","","","","-8","","Mainly Clear"
"-79.63","43.68","TORONTO LESTER B. PEARSON INT'L A","6158733","2002-01-25 01:00","2002","01","25","01:00","-3.5","","-7.4","","74","","26","","11","","24.1","","99.22","","","","-8","","Cloudy"
"-79.63","43.68","TORONTO LESTER B. PEARSON INT'L A","6158733","2002-01-25 02:00","2002","01","25","02:00","-2.5","","-7.0","","71","","21","","13","","24.1","","99.20","","","","-7","","Mostly Cloudy"
"-79.63","43.68","TORONTO LESTER B. PEARSON INT'L A","6158733","2002-01-25 03:00","2002","01","25","03:00","-2.0","","-7.2","","68","","25","","13","","24.1","","99.24","","","","-6","","Cloudy"
"-79.63","43.68","TORONTO LESTER B. PEARSON INT'L A","6158733","2002-01-25 04:00","2002","01","25","04:00","-1.8","","-7.1","","67","","23","","11","","24.1","","99.17","","","","-6","","Mostly Cloudy"
"-79.63","43.68","TORONTO LESTER B. PEARSON INT'L A","6158733","2002-01-25 05:00","2002","01","25","05:00","-2.2","","-7.2","","69","","22","","11","","24.1","","99.14","","","","-6","","Mainly Clear"
"-79.63","43.68","TORONTO LESTER B. PEARSON INT'L A","6158733","2002-01-25 06:00","2002","01","25","06:00","-1.5","","-6.2","","70","","22","","15","","19.3","","99.14","","","","-6","","Cloudy"
"-79.63","43.68","TORONTO LESTER B. PEARSON INT'L A","6158733","2002-01-25 07:00","2002","01","25","07:00","-1.4","","-6.0","","71","","22","","17","","16.1","","99.17","","","","-7","","Mostly Cloudy"
"-79.63","43.68","TORONTO LESTER B. PEARSON INT'L A","6158733","2002-01-25 08:00","2002","01","25","08:00","-0.7","","-5.2","","72","","25","","19","","12.9","","99.20","","","","-6","","Mostly Cloudy"
"-79.63","43.68","TORONTO LESTER B. PEARSON INT'L A","6158733","2002-01-25 09:00","2002","01","25","09:00","0.0","","-4.6","","71","","25","","17","","12.9","","99.26","","","","-5","","Mostly Cloudy"
"-79.63","43.68","TORONTO LESTER B. PEARSON INT'L A","6158733","2002-01-25 10:00","2002","01","25","10:00","1.2","","-3.8","","69","","26","","26","","12.9","","99.30","","","","","","Mostly Cloudy"
"-79.63","43.68","TORONTO LESTER B. PEARSON INT'L A","6158733","2002-01-25 11:00","2002","01","25","11:00","2.2","","-3.5","","66","","27","","32","","12.9","","99.35","","","","","","Mainly Clear"
"-79.63","43.68","TORONTO LESTER B. PEARSON INT'L A","6158733","2002-01-25 12:00","2002","01","25","12:00","3.6","","-3.2","","61","","26","","28","","14.5","","99.29","","","","","","Mainly Clear"
"-79.63","43.68","TORONTO LESTER B. PEARSON INT'L A","6158733","2002-01-25 13:00","2002","01","25","13:00","4.6","","-2.6","","60","","25","","37","","12.9","","99.38","","","","","","Mostly Cloudy"
"-79.63","43.68","TORONTO LESTER B. PEARSON INT'L A","6158733","2002-01-25 14:00","2002","01","25","14:00","3.0","","-3.8","","61","","27","","28","","14.5","","99.38","","","","","","Mostly Cloudy"
"-79.63","43.68","TORONTO LESTER B. PEARSON INT'L A","6158733","2002-01-25 15:00","2002","01","25","15:00","4.1","","-3.3","","59","","27","","28","","19.3","","99.41","","","","","","Mostly Cloudy"
"-79.63","43.68","TORONTO LESTER B. PEARSON INT'L A","6158733","2002-01-25 16:00","2002","01","25","16:00","4.3","","-4.3","","54","","26","","19","","19.3","","99.42","","","","","","Mainly Clear"
"-79.63","43.68","TORONTO LESTER B. PEARSON INT'L A","6158733","2002-01-25 17:00","2002","01","25","17:00","3.7","","-4.4","","55","","21","","15","","24.1","","99.34","","","","","","Mostly Cloudy"
"-79.63","43.68","TORONTO LESTER B. PEARSON INT'L A","6158733","2002-01-25 18:00","2002","01","25","18:00","3.7","","-4.5","","55","","21","","20","","24.1","","99.31","","","","","","Mostly Cloudy"
"-79.63","43.68","TORONTO LESTER B. PEARSON INT'L A","6158733","2002-01-25 19:00","2002","01","25","19:00","2.7","","-3.6","","63","","22","","20","","19.3","","99.26","","","","","","Cloudy"
"-79.63","43.68","TORONTO LESTER B. PEARSON INT'L A","6158733","2002-01-25 20:00","2002","01","25","20:00","3.6","","-4.3","","56","","23","","35","","24.1","","99.20","","","","","","Cloudy"
"-79.63","43.68","TORONTO LESTER B. PEARSON INT'L A","6158733","2002-01-25 21:00","2002","01","25","21:00","4.4","","-4.3","","53","","23","","39","","24.1","","99.19","","","","","","Cloudy"
"-79.63","43.68","TORONTO LESTER B. PEARSON INT'L A","6158733","2002-01-25 22:00","2002","01","25","22:00","4.6","","-3.7","","55","","24","","46","","24.1","","99.16","","","","","","Mostly Cloudy"
"-79.63","43.68","TORONTO LESTER B. PEARSON INT'L A","6158733","2002-01-25 23:00","2002","01","25","23:00","4.4","","-3.7","","56","","25","","41","","24.1","","99.15","","","","","","Mostly Cloudy"
"-79.63","43.68","TORONTO LESTER B. PEARSON INT'L A","6158733","2002-01-26 00:00","2002","01","26","00:00","3.9","","-3.8","","57","","24","","35","","24.1","","99.16","","","","","","Clear"
"-79.63","43.68","TORONTO LESTER B. PEARSON INT'L A","6158733","2002-01-26 01:00","2002","01","26","01:00","3.8","","-3.9","","57","","24","","35","","24.1","","99.15","","","","","","Mostly Cloudy"
"-79.63","43.68","TORONTO LESTER B. PEARSON INT'L A","6158733","2002-01-26 02:00","2002","01","26","02:00","3.6","","-4.1","","57","","25","","32","","24.1","","99.19","","","","","","Mainly Clear"
"-79.63","43.68","TORONTO LESTER B. PEARSON INT'L A","6158733","2002-01-26 03:00","2002","01","26","03:00","3.8","","-4.1","","56","","25","","30","","24.1","","99.25","","","","","","Mostly Cloudy"
"-79.63","43.68","TORONTO LESTER B. PEARSON INT'L A","6158733","2002-01-26 04:00","2002","01","26","04:00","3.9","","-4.0","","56","","25","","30","","24.1","","99.27","","","","","","Cloudy"
"-79.63","43.68","TORONTO LESTER B. PEARSON INT'L A","6158733","2002-01-26 05:00","2002","01","26","05:00","4.0","","-4.1","","55","","25","","22","","24.1","","99.35","","","","","","Cloudy"
"-79.63","43.68","TORONTO LESTER B. PEARSON INT'L A","6158733","2002-01-26 06:00","2002","01","26","06:00","3.8","","-3.9","","57","","25","","22","","24.1","","99.38","","","","","","Cloudy"
"-79.63","43.68","TORONTO LESTER B. PEARSON INT'L A","6158733","2002-01-26 07:00","2002","01","26","07:00","4.0","","-4.0","","56","","22","","17","","24.1","","99.44","","","","","","Cloudy"
"-79.63","43.68","TORONTO LESTER B. PEARSON INT'L A","6158733","2002-01-26 08:00","2002","01","26","08:00","3.6","","-3.8","","58","","23","","17","","24.1","","99.50","","","","","","Cloudy"
"-79.63","43.68","TORONTO LESTER B. PEARSON INT'L A","6158733","2002-01-26 09:00","2002","01","26","09:00","3.4","","-3.5","","61","","24","","24","","24.1","","99.57","","","","","","Cloudy"
"-79.63","43.68","TORONTO LESTER B. PEARSON INT'L A","6158733","2002-01-26 10:00","2002","01","26","10:00","3.6","","-3.2","","61","","24","","17","","19.3","","99.63","","","","","","Mostly Cloudy"
"-79.63","43.68","TORONTO LESTER B. PEARSON INT'L A","6158733","2002-01-26 11:00","2002","01","26","11:00","4.2","","-3.1","","59","","25","","22","","19.3","","99.68","","","","","","Mostly Cloudy"
"-79.63","43.68","TORONTO LESTER B. PEARSON INT'L A","6158733","2002-01-26 12:00","2002","01","26","12:00","5.5","","-2.7","","55","","24","","22","","19.3","","99.63","","","","","","Mostly Cloudy"
"-79.63","43.68","TORONTO LESTER B. PEARSON INT'L A","6158733","2002-01-26 13:00","2002","01","26","13:00","5.9","","-2.5","","55","","25","","26","","24.1","","99.58","","","","","","Mostly Cloudy"
"-79.63","43.68","TORONTO LESTER B. PEARSON INT'L A","6158733","2002-01-26 14:00","2002","01","26","14:00","6.0","","-2.5","","54","","24","","22","","24.1","","99.54","","","","","","Mostly Cloudy"
"-79.63","43.68","TORONTO LESTER B. PEARSON INT'L A","6158733","2002-01-26 15:00","2002","01","26","15:00","6.8","","-2.3","","52","","25","","17","","24.1","","99.52","","","","","","Mostly Cloudy"
"-79.63","43.68","TORONTO LESTER B. PEARSON INT'L A","6158733","2002-01-26 16:00","2002","01","26","16:00","7.2","","-2.2","","51","","25","","17","","24.1","","99.53","","","","","","Mostly Cloudy"
"-79.63","43.68","TORONTO LESTER B. PEARSON INT'L A","6158733","2002-01-26 17:00","2002","01","26","17:00","6.2","","-2.2","","55","","22","","11","","24.1","","99.55","","","","","","Mainly Clear"
"-79.63","43.68","TORONTO LESTER B. PEARSON INT'L A","6158733","2002-01-26 18:00","2002","01","26","18:00","5.3","","-2.0","","59","","23","","15","","19.3","","99.60","","","","","","Mostly Cloudy"
"-79.63","43.68","TORONTO LESTER B. PEARSON INT'L A","6158733","2002-01-26 19:00","2002","01","26","19:00","4.3","","-2.4","","62","","19","","7","","24.1","","99.61","","","","","","Mainly Clear"
"-79.63","43.68","TORONTO LESTER B. PEARSON INT'L A","6158733","2002-01-26 20:00","2002","01","26","20:00","3.7","","-3.0","","62","","24","","19","","24.1","","99.60","","","","","","Mainly Clear"
"-79.63","43.68","TORONTO LESTER B. PEARSON INT'L A","6158733","2002-01-26 21:00","2002","01","26","21:00","4.0","","-3.1","","60","","24","","13","","24.1","","99.59","","","","","","Clear"
"-79.63","43.68","TORONTO LESTER B. PEARSON INT'L A","6158733","2002-01-26 22:00","2002","01","26","22:00","3.8","","-3.2","","60","","23","","6","","24.1","","99.59","","","","","","Mainly Clear"
"-79.63","43.68","TORONTO LESTER B. PEARSON INT'L A","6158733","2002-01-26 23:00","2002","01","26","23:00","5.4","","-3.4","","53","","22","","6","","24.1","","99.58","","","","","","Mostly Cloudy"
"-79.63","43.68","TORONTO LESTER B. PEARSON INT'L A","6158733","2002-01-27 00:00","2002","01","27","00:00","4.7","","-3.1","","57","","23","","11","","24.1","","99.57","","","","","","Mostly Cloudy"
"-79.63","43.68","TORONTO LESTER B. PEARSON INT'L A","6158733","2002-01-27 01:00","2002","01","27","01:00","4.4","","-3.3","","57","","22","","17","","24.1","","99.55","","","","","","Mainly Clear"
"-79.63","43.68","TORONTO LESTER B. PEARSON INT'L A","6158733","2002-01-27 02:00","2002","01","27","02:00","3.3","","-3.6","","61","","20","","9","","24.1","","99.53","","","","","","Mainly Clear"
"-79.63","43.68","TORONTO LESTER B. PEARSON INT'L A","6158733","2002-01-27 03:00","2002","01","27","03:00","3.6","","-3.3","","61","","24","","19","","24.1","","99.59","","","","","","Mostly Cloudy"
"-79.63","43.68","TORONTO LESTER B. PEARSON INT'L A","6158733","2002-01-27 04:00","2002","01","27","04:00","3.0","","-3.3","","63","","21","","9","","24.1","","99.58","","","","","","Mostly Cloudy"
"-79.63","43.68","TORONTO LESTER B. PEARSON INT'L A","6158733","2002-01-27 05:00","2002","01","27","05:00","2.4","","-3.5","","65","","20","","7","","24.1","","99.54","","","","","","Mostly Cloudy"
"-79.63","43.68","TORONTO LESTER B. PEARSON INT'L A","6158733","2002-01-27 06:00","2002","01","27","06:00","2.5","","-3.2","","66","","24","","20","","24.1","","99.58","","","","","","Mostly Cloudy"
"-79.63","43.68","TORONTO LESTER B. PEARSON INT'L A","6158733","2002-01-27 07:00","2002","01","27","07:00","2.4","","-3.1","","67","","25","","11","","24.1","","99.56","","","","","","Mostly Cloudy"
"-79.63","43.68","TORONTO LESTER B. PEARSON INT'L A","6158733","2002-01-27 08:00","2002","01","27","08:00","2.4","","-2.9","","68","","23","","11","","19.3","","99.58","","","","","","Mostly Cloudy"
"-79.63","43.68","TORONTO LESTER B. PEARSON INT'L A","6158733","2002-01-27 09:00","2002","01","27","09:00","3.1","","-2.4","","67","","22","","13","","19.3","","99.58","","","","","","Mostly Cloudy"
"-79.63","43.68","TORONTO LESTER B. PEARSON INT'L A","6158733","2002-01-27 10:00","2002","01","27","10:00","5.2","","-1.6","","61","","23","","24","","24.1","","99.59","","","","","","Mostly Cloudy"
"-79.63","43.68","TORONTO LESTER B. PEARSON INT'L A","6158733","2002-01-27 11:00","2002","01","27","11:00","6.7","","-1.5","","56","","22","","17","","24.1","","99.52","","","","","","Mostly Cloudy"
"-79.63","43.68","TORONTO LESTER B. PEARSON INT'L A","6158733","2002-01-27 12:00","2002","01","27","12:00","8.2","","-1.1","","52","","22","","24","","24.1","","99.45","","","","","","Mostly Cloudy"
"-79.63","43.68","TORONTO LESTER B. PEARSON INT'L A","6158733","2002-01-27 13:00","2002","01","27","13:00","9.1","","-0.6","","51","","22","","19","","24.1","","99.37","","","","","","Mostly Cloudy"
"-79.63","43.68","TORONTO LESTER B. PEARSON INT'L A","6158733","2002-01-27 14:00","2002","01","27","14:00","10.7","","-0.3","","46","","23","","26","","24.1","","99.27","","","","","","Mostly Cloudy"
"-79.63","43.68","TORONTO LESTER B. PEARSON INT'L A","6158733","2002-01-27 15:00","2002","01","27","15:00","10.9","","-0.4","","46","","22","","30","","24.1","","99.28","","","","","","Mostly Cloudy"
"-79.63","43.68","TORONTO LESTER B. PEARSON INT'L A","6158733","2002-01-27 16:00","2002","01","27","16:00","10.4","","-0.7","","46","","23","","24","","24.1","","99.32","","","","","","Mostly Cloudy"
"-79.63","43.68","TORONTO LESTER B. PEARSON INT'L A","6158733","2002-01-27 17:00","2002","01","27","17:00","8.7","","-1.8","","48","","23","","13","","24.1","","99.36","","","","","","Mostly Cloudy"
"-79.63","43.68","TORONTO LESTER B. PEARSON INT'L A","6158733","2002-01-27 18:00","2002","01","27","18:00","7.6","","-2.1","","50","","23","","15","","24.1","","99.38","","","","","","Mostly Cloudy"
"-79.63","43.68","TORONTO LESTER B. PEARSON INT'L A","6158733","2002-01-27 19:00","2002","01","27","19:00","7.5","","-1.9","","51","","22","","22","","24.1","","99.39","","","","","","Mostly Cloudy"
"-79.63","43.68","TORONTO LESTER B. PEARSON INT'L A","6158733","2002-01-27 20:00","2002","01","27","20:00","8.2","","-2.1","","48","","24","","28","","24.1","","99.36","","","","","","Mostly Cloudy"
"-79.63","43.68","TORONTO LESTER B. PEARSON INT'L A","6158733","2002-01-27 21:00","2002","01","27","21:00","8.3","","-2.1","","48","","24","","32","","24.1","","99.33","","","","","","Mainly Clear"
"-79.63","43.68","TORONTO LESTER B. PEARSON INT'L A","6158733","2002-01-27 22:00","2002","01","27","22:00","7.9","","-2.6","","47","","25","","24","","24.1","","99.34","","","","","","Mostly Cloudy"
"-79.63","43.68","TORONTO LESTER B. PEARSON INT'L A","6158733","2002-01-27 23:00","2002","01","27","23:00","7.8","","-2.9","","47","","24","","26","","24.1","","99.34","","","","","","Mostly Cloudy"
"-79.63","43.68","TORONTO LESTER B. PEARSON INT'L A","6158733","2002-01-28 00:00","2002","01","28","00:00","7.1","","-2.9","","49","","24","","20","","24.1","","99.38","","","","","","Mostly Cloudy"
"-79.63","43.68","TORONTO LESTER B. PEARSON INT'L A","6158733","2002-01-28 01:00","2002","01","28","01:00","6.8","","-2.6","","51","","24","","22","","24.1","","99.38","","","","","","Mostly Cloudy"
"-79.63","43.68","TORONTO LESTER B. PEARSON INT'L A","6158733","2002-01-28 02:00","2002","01","28","02:00","5.9","","-2.4","","55","","23","","17","","24.1","","99.34","","","","","","Mostly Cloudy"
"-79.63","43.68","TORONTO LESTER B. PEARSON INT'L A","6158733","2002-01-28 03:00","2002","01","28","03:00","5.2","","-2.5","","57","","24","","15","","24.1","","99.34","","","","","","Mainly Clear"
"-79.63","43.68","TORONTO LESTER B. PEARSON INT'L A","6158733","2002-01-28 04:00","2002","01","28","04:00","4.7","","-2.4","","60","","23","","11","","24.1","","99.32","","","","","","Mostly Cloudy"
"-79.63","43.68","TORONTO LESTER B. PEARSON INT'L A","6158733","2002-01-28 05:00","2002","01","28","05:00","4.8","","-1.6","","63","","23","","15","","24.1","","99.30","","","","","","Cloudy"
"-79.63","43.68","TORONTO LESTER B. PEARSON INT'L A","6158733","2002-01-28 06:00","2002","01","28","06:00","4.1","","-1.5","","67","","24","","15","","24.1","","99.29","","","","","","Mainly Clear"
"-79.63","43.68","TORONTO LESTER B. PEARSON INT'L A","6158733","2002-01-28 07:00","2002","01","28","07:00","3.1","","-1.6","","71","","24","","13","","24.1","","99.27","","","","","","Mainly Clear"
"-79.63","43.68","TORONTO LESTER B. PEARSON INT'L A","6158733","2002-01-28 08:00","2002","01","28","08:00","2.7","","-1.5","","74","","25","","15","","16.1","","99.31","","","","","","Mostly Cloudy"
"-79.63","43.68","TORONTO LESTER B. PEARSON INT'L A","6158733","2002-01-28 09:00","2002","01","28","09:00","4.0","","-0.9","","70","","24","","19","","16.1","","99.31","","","","","","Mostly Cloudy"
"-79.63","43.68","TORONTO LESTER B. PEARSON INT'L A","6158733","2002-01-28 10:00","2002","01","28","10:00","5.0","","-1.0","","65","","27","","20","","16.1","","99.33","","","","","","Mostly Cloudy"
"-79.63","43.68","TORONTO LESTER B. PEARSON INT'L A","6158733","2002-01-28 11:00","2002","01","28","11:00","7.4","","-0.4","","58","","25","","13","","16.1","","99.33","","","","","","Mostly Cloudy"
"-79.63","43.68","TORONTO LESTER B. PEARSON INT'L A","6158733","2002-01-28 12:00","2002","01","28","12:00","8.0","","-0.6","","55","","24","","11","","19.3","","99.25","","","","","","Mostly Cloudy"
"-79.63","43.68","TORONTO LESTER B. PEARSON INT'L A","6158733","2002-01-28 13:00","2002","01","28","13:00","9.5","","-0.1","","51","","27","","11","","19.3","","99.18","","","","","","Mostly Cloudy"
"-79.63","43.68","TORONTO LESTER B. PEARSON INT'L A","6158733","2002-01-28 14:00","2002","01","28","14:00","9.9","","0.1","","50","","26","","9","","24.1","","99.14","","","","","","Mostly Cloudy"
"-79.63","43.68","TORONTO LESTER B. PEARSON INT'L A","6158733","2002-01-28 15:00","2002","01","28","15:00","11.0","","0.4","","48","","29","","7","","24.1","","99.09","","","","","","Mostly Cloudy"
"-79.63","43.68","TORONTO LESTER B. PEARSON INT'L A","6158733","2002-01-28 16:00","2002","01","28","16:00","10.3","","0.5","","51","","15","","9","","19.3","","99.06","","","","","","Mostly Cloudy"
"-79.63","43.68","TORONTO LESTER B. PEARSON INT'L A","6158733","2002-01-28 17:00","2002","01","28","17:00","8.6","","-0.3","","54","","14","","7","","19.3","","99.06","","","","","","Mostly Cloudy"
"-79.63","43.68","TORONTO LESTER B. PEARSON INT'L A","6158733","2002-01-28 18:00","2002","01","28","18:00","7.7","","-0.2","","57","","17","","4","","19.3","","99.11","","","","","","Mainly Clear"
"-79.63","43.68","TORONTO LESTER B. PEARSON INT'L A","6158733","2002-01-28 19:00","2002","01","28","19:00","6.5","","-0.4","","61","","35","","4","","24.1","","99.14","","","","","","Mainly Clear"
"-79.63","43.68","TORONTO LESTER B. PEARSON INT'L A","6158733","2002-01-28 20:00","2002","01","28","20:00","4.4","","0.1","","74","","36","","15","","24.1","","99.12","","","","","","Mostly Cloudy"
"-79.63","43.68","TORONTO LESTER B. PEARSON INT'L A","6158733","2002-01-28 21:00","2002","01","28","21:00","3.5","","0.1","","78","","35","","11","","24.1","","99.06","","","","","","Mostly Cloudy"
"-79.63","43.68","TORONTO LESTER B. PEARSON INT'L A","6158733","2002-01-28 22:00","2002","01","28","22:00","2.7","","0.0","","82","","35","","13","","19.3","","99.08","","","","","","Cloudy"
"-79.63","43.68","TORONTO LESTER B. PEARSON INT'L A","6158733","2002-01-28 23:00","2002","01","28","23:00","2.1","","-0.4","","83","","35","","19","","9.7","","99.09","","","","","","Haze"
"-79.63","43.68","TORONTO LESTER B. PEARSON INT'L A","6158733","2002-01-29 00:00","2002","01","29","00:00","1.8","","-0.1","","87","","36","","15","","4.8","","99.05","","","","","","Fog"
"-79.63","43.68","TORONTO LESTER B. PEARSON INT'L A","6158733","2002-01-29 01:00","2002","01","29","01:00","1.9","","0.0","","87","","1","","19","","4.0","","99.03","","","","","","Fog"
"-79.63","43.68","TORONTO LESTER B. PEARSON INT'L A","6158733","2002-01-29 02:00","2002","01","29","02:00","2.4","","0.3","","86","","36","","13","","4.8","","98.99","","","","","","Fog"
"-79.63","43.68","TORONTO LESTER B. PEARSON INT'L A","6158733","2002-01-29 03:00","2002","01","29","03:00","2.6","","0.3","","85","","35","","9","","4.8","","99.04","","","","","","Fog"
"-79.63","43.68","TORONTO LESTER B. PEARSON INT'L A","6158733","2002-01-29 04:00","2002","01","29","04:00","2.6","","0.2","","84","","1","","13","","4.8","","99.02","","","","","","Fog"
"-79.63","43.68","TORONTO LESTER B. PEARSON INT'L A","6158733","2002-01-29 05:00","2002","01","29","05:00","2.2","","-0.1","","85","","36","","15","","6.4","","99.10","","","","","","Fog"
"-79.63","43.68","TORONTO LESTER B. PEARSON INT'L A","6158733","2002-01-29 06:00","2002","01","29","06:00","1.8","","-1.1","","81","","36","","13","","11.3","","99.10","","","","","","Cloudy"
"-79.63","43.68","TORONTO LESTER B. PEARSON INT'L A","6158733","2002-01-29 07:00","2002","01","29","07:00","1.7","","-1.3","","80","","35","","15","","9.7","","99.13","","","","","","Haze"
"-79.63","43.68","TORONTO LESTER B. PEARSON INT'L A","6158733","2002-01-29 08:00","2002","01","29","08:00","1.3","","-1.5","","82","","35","","20","","8.0","","99.24","","","","","","Haze"
"-79.63","43.68","TORONTO LESTER B. PEARSON INT'L A","6158733","2002-01-29 09:00","2002","01","29","09:00","0.8","","-2.1","","81","","35","","28","","9.7","","99.34","","","","","","Haze"
"-79.63","43.68","TORONTO LESTER B. PEARSON INT'L A","6158733","2002-01-29 10:00","2002","01","29","10:00","1.1","","-2.3","","78","","36","","19","","11.3","","99.37","","","","","","Cloudy"
"-79.63","43.68","TORONTO LESTER B. PEARSON INT'L A","6158733","2002-01-29 11:00","2002","01","29","11:00","1.2","","-2.9","","74","","34","","19","","14.5","","99.45","","","","","","Cloudy"
"-79.63","43.68","TORONTO LESTER B. PEARSON INT'L A","6158733","2002-01-29 12:00","2002","01","29","12:00","1.5","","-3.2","","71","","36","","20","","19.3","","99.38","","","","","","Cloudy"
"-79.63","43.68","TORONTO LESTER B. PEARSON INT'L A","6158733","2002-01-29 13:00","2002","01","29","13:00","1.8","","-3.0","","70","","36","","17","","16.1","","99.37","","","","","","Mostly Cloudy"
"-79.63","43.68","TORONTO LESTER B. PEARSON INT'L A","6158733","2002-01-29 14:00","2002","01","29","14:00","0.3","","-4.5","","70","","34","","28","","19.3","","99.45","","","","","","Cloudy"
"-79.63","43.68","TORONTO LESTER B. PEARSON INT'L A","6158733","2002-01-29 15:00","2002","01","29","15:00","-0.2","","-5.6","","67","","36","","15","","24.1","","99.45","","","","-5","","Cloudy"
"-79.63","43.68","TORONTO LESTER B. PEARSON INT'L A","6158733","2002-01-29 16:00","2002","01","29","16:00","-0.8","","-6.0","","68","","36","","20","","24.1","","99.53","","","","-6","","Cloudy"
"-79.63","43.68","TORONTO LESTER B. PEARSON INT'L A","6158733","2002-01-29 17:00","2002","01","29","17:00","-1.2","","-5.9","","70","","36","","19","","24.1","","99.61","","","","-7","","Cloudy"
"-79.63","43.68","TORONTO LESTER B. PEARSON INT'L A","6158733","2002-01-29 18:00","2002","01","29","18:00","-1.7","","-6.0","","72","","36","","24","","24.1","","99.62","","","","-8","","Cloudy"
"-79.63","43.68","TORONTO LESTER B. PEARSON INT'L A","6158733","2002-01-29 19:00","2002","01","29","19:00","-1.9","","-6.5","","71","","36","","22","","24.1","","99.61","","","","-8","","Cloudy"
"-79.63","43.68","TORONTO LESTER B. PEARSON INT'L A","6158733","2002-01-29 20:00","2002","01","29","20:00","-1.4","","-6.2","","70","","36","","11","","24.1","","99.64","","","","-5","","Cloudy"
"-79.63","43.68","TORONTO LESTER B. PEARSON INT'L A","6158733","2002-01-29 21:00","2002","01","29","21:00","-1.2","","-6.3","","68","","7","","13","","24.1","","99.46","","","","-5","","Cloudy"
"-79.63","43.68","TORONTO LESTER B. PEARSON INT'L A","6158733","2002-01-29 22:00","2002","01","29","22:00","-1.0","","-5.0","","74","","2","","9","","16.1","","99.57","","","","-4","","Freezing Rain"
"-79.63","43.68","TORONTO LESTER B. PEARSON INT'L A","6158733","2002-01-29 23:00","2002","01","29","23:00","-0.8","","-4.0","","79","","35","","17","","11.3","","99.57","","","","-6","","Freezing Rain"
"-79.63","43.68","TORONTO LESTER B. PEARSON INT'L A","6158733","2002-01-30 00:00","2002","01","30","00:00","-0.8","","-3.7","","81","","3","","11","","16.1","","99.47","","","","-5","","Cloudy"
"-79.63","43.68","TORONTO LESTER B. PEARSON INT'L A","6158733","2002-01-30 01:00","2002","01","30","01:00","-0.7","","-3.2","","83","","9","","9","","16.1","","99.51","","","","-4","","Cloudy"
"-79.63","43.68","TORONTO LESTER B. PEARSON INT'L A","6158733","2002-01-30 02:00","2002","01","30","02:00","-1.2","","-3.9","","82","","6","","9","","14.5","","99.54","","","","-4","","Cloudy"
"-79.63","43.68","TORONTO LESTER B. PEARSON INT'L A","6158733","2002-01-30 03:00","2002","01","30","03:00","-1.7","","-4.2","","83","","9","","6","","14.5","","99.58","","","","-4","","Cloudy"
"-79.63","43.68","TORONTO LESTER B. PEARSON INT'L A","6158733","2002-01-30 04:00","2002","01","30","04:00","-2.1","","-4.8","","82","","3","","15","","6.4","","99.61","","","","-7","","Freezing Drizzle"
"-79.63","43.68","TORONTO LESTER B. PEARSON INT'L A","6158733","2002-01-30 05:00","2002","01","30","05:00","-2.8","","-4.8","","86","","36","","13","","3.2","","99.67","","","","-7","","Freezing Drizzle"
"-79.63","43.68","TORONTO LESTER B. PEARSON INT'L A","6158733","2002-01-30 06:00","2002","01","30","06:00","-3.2","","-5.2","","86","","35","","15","","4.0","","99.72","","","","-8","","Freezing Drizzle"
"-79.63","43.68","TORONTO LESTER B. PEARSON INT'L A","6158733","2002-01-30 07:00","2002","01","30","07:00","-3.5","","-5.4","","87","","35","","19","","4.8","","99.87","","","","-9","","Fog"
"-79.63","43.68","TORONTO LESTER B. PEARSON INT'L A","6158733","2002-01-30 08:00","2002","01","30","08:00","-3.3","","-6.0","","82","","33","","7","","8.0","","99.98","","","","-6","","Haze"
"-79.63","43.68","TORONTO LESTER B. PEARSON INT'L A","6158733","2002-01-30 09:00","2002","01","30","09:00","-3.0","","-5.7","","82","","33","","9","","9.7","","100.05","","","","-7","","Haze"
"-79.63","43.68","TORONTO LESTER B. PEARSON INT'L A","6158733","2002-01-30 10:00","2002","01","30","10:00","-2.8","","-5.4","","82","","36","","9","","14.5","","100.06","","","","-6","","Cloudy"
"-79.63","43.68","TORONTO LESTER B. PEARSON INT'L A","6158733","2002-01-30 11:00","2002","01","30","11:00","-2.4","","-5.6","","79","","35","","17","","19.3","","100.23","","","","-8","","Cloudy"
"-79.63","43.68","TORONTO LESTER B. PEARSON INT'L A","6158733","2002-01-30 12:00","2002","01","30","12:00","-2.2","","-5.3","","79","","35","","20","","16.1","","100.23","","","","-8","","Cloudy"
"-79.63","43.68","TORONTO LESTER B. PEARSON INT'L A","6158733","2002-01-30 13:00","2002","01","30","13:00","-2.0","","-5.3","","78","","1","","20","","16.1","","100.22","","","","-8","","Cloudy"
"-79.63","43.68","TORONTO LESTER B. PEARSON INT'L A","6158733","2002-01-30 14:00","2002","01","30","14:00","-2.0","","-5.6","","76","","2","","22","","19.3","","100.28","","","","-8","","Cloudy"
"-79.63","43.68","TORONTO LESTER B. PEARSON INT'L A","6158733","2002-01-30 15:00","2002","01","30","15:00","-2.4","","-6.2","","75","","35","","24","","19.3","","100.35","","","","-9","","Cloudy"
"-79.63","43.68","TORONTO LESTER B. PEARSON INT'L A","6158733","2002-01-30 16:00","2002","01","30","16:00","-2.1","","-6.6","","71","","34","","17","","24.1","","100.45","","","","-7","","Cloudy"
"-79.63","43.68","TORONTO LESTER B. PEARSON INT'L A","6158733","2002-01-30 17:00","2002","01","30","17:00","-2.4","","-7.1","","70","","36","","17","","24.1","","100.54","","","","-8","","Cloudy"
"-79.63","43.68","TORONTO LESTER B. PEARSON INT'L A","6158733","2002-01-30 18:00","2002","01","30","18:00","-2.8","","-7.5","","70","","36","","17","","24.1","","100.59","","","","-8","","Cloudy"
"-79.63","43.68","TORONTO LESTER B. PEARSON INT'L A","6158733","2002-01-30 19:00","2002","01","30","19:00","-2.9","","-8.1","","67","","2","","15","","24.1","","100.68","","","","-8","","Cloudy"
"-79.63","43.68","TORONTO LESTER B. PEARSON INT'L A","6158733","2002-01-30 20:00","2002","01","30","20:00","-3.4","","-8.5","","68","","1","","19","","24.1","","100.73","","","","-9","","Mostly Cloudy"
"-79.63","43.68","TORONTO LESTER B. PEARSON INT'L A","6158733","2002-01-30 21:00","2002","01","30","21:00","-3.4","","-8.5","","68","","1","","17","","24.1","","100.76","","","","-9","","Mostly Cloudy"
"-79.63","43.68","TORONTO LESTER B. PEARSON INT'L A","6158733","2002-01-30 22:00","2002","01","30","22:00","-3.3","","-8.4","","68","","3","","17","","24.1","","100.69","","","","-9","","Mostly Cloudy"
"-79.63","43.68","TORONTO LESTER B. PEARSON INT'L A","6158733","2002-01-30 23:00","2002","01","30","23:00","-3.2","","-9.3","","63","","5","","15","","24.1","","100.73","","","","-8","","Cloudy"
"-79.63","43.68","TORONTO LESTER B. PEARSON INT'L A","6158733","2002-01-31 00:00","2002","01","31","00:00","-3.1","","-8.9","","64","","6","","11","","24.1","","100.87","","","","-7","","Cloudy"
"-79.63","43.68","TORONTO LESTER B. PEARSON INT'L A","6158733","2002-01-31 01:00","2002","01","31","01:00","-3.1","","-8.7","","65","","5","","13","","24.1","","100.81","","","","-8","","Cloudy"
"-79.63","43.68","TORONTO LESTER B. PEARSON INT'L A","6158733","2002-01-31 02:00","2002","01","31","02:00","-2.8","","-8.1","","67","","7","","15","","24.1","","100.81","","","","-8","","Snow"
"-79.63","43.68","TORONTO LESTER B. PEARSON INT'L A","6158733","2002-01-31 03:00","2002","01","31","03:00","-2.7","","-7.8","","68","","7","","15","","24.1","","100.83","","","","-8","","Snow"
"-79.63","43.68","TORONTO LESTER B. PEARSON INT'L A","6158733","2002-01-31 04:00","2002","01","31","04:00","-3.1","","-5.8","","82","","9","","26","","3.2","","100.76","","","","-10","","Snow"
"-79.63","43.68","TORONTO LESTER B. PEARSON INT'L A","6158733","2002-01-31 05:00","2002","01","31","05:00","-3.9","","-7.0","","79","","9","","26","","3.2","","100.69","","","","-11","","Snow"
"-79.63","43.68","TORONTO LESTER B. PEARSON INT'L A","6158733","2002-01-31 06:00","2002","01","31","06:00","-4.2","","-6.7","","83","","8","","22","","3.2","","100.65","","","","-11","","Snow"
"-79.63","43.68","TORONTO LESTER B. PEARSON INT'L A","6158733","2002-01-31 07:00","2002","01","31","07:00","-4.7","","-7.2","","83","","8","","22","","3.6","","100.68","","","","-12","","Snow"
"-79.63","43.68","TORONTO LESTER B. PEARSON INT'L A","6158733","2002-01-31 08:00","2002","01","31","08:00","-6.7","","-9.2","","82","","6","","22","","1.6","","100.59","","","","-14","","Snow"
"-79.63","43.68","TORONTO LESTER B. PEARSON INT'L A","6158733","2002-01-31 09:00","2002","01","31","09:00","-6.9","","-9.3","","83","","7","","20","","0.8","","100.55","","","","-14","","Moderate Snow"
"-79.63","43.68","TORONTO LESTER B. PEARSON INT'L A","6158733","2002-01-31 10:00","2002","01","31","10:00","-6.8","","-8.9","","85","","7","","19","","0.4","","100.47","","","","-14","","Heavy Snow"
"-79.63","43.68","TORONTO LESTER B. PEARSON INT'L A","6158733","2002-01-31 11:00","2002","01","31","11:00","-7.1","","-9.4","","84","","6","","24","","1.6","","100.19","","","","-15","","Snow"
"-79.63","43.68","TORONTO LESTER B. PEARSON INT'L A","6158733","2002-01-31 12:00","2002","01","31","12:00","-6.3","","-9.0","","81","","6","","20","","3.2","","100.09","","","","-13","","Snow,Ice Pellets"
"-79.63","43.68","TORONTO LESTER B. PEARSON INT'L A","6158733","2002-01-31 13:00","2002","01","31","13:00","-5.5","","-7.8","","84","","7","","24","","2.4","","99.87","","","","-13","","Snow,Ice Pellets"
"-79.63","43.68","TORONTO LESTER B. PEARSON INT'L A","6158733","2002-01-31 14:00","2002","01","31","14:00","-5.5","","-7.9","","83","","5","","24","","1.6","","99.82","","","","-13","","Snow,Ice Pellets"
"-79.63","43.68","TORONTO LESTER B. PEARSON INT'L A","6158733","2002-01-31 15:00","2002","01","31","15:00","-5.7","","-8.4","","81","","6","","22","","4.0","","99.72","","","","-13","","Freezing Rain,Snow"
"-79.63","43.68","TORONTO LESTER B. PEARSON INT'L A","6158733","2002-01-31 16:00","2002","01","31","16:00","-5.0","","-7.7","","81","","6","","20","","14.5","","99.71","","","","-12","","Cloudy"
"-79.63","43.68","TORONTO LESTER B. PEARSON INT'L A","6158733","2002-01-31 17:00","2002","01","31","17:00","-4.7","","-7.5","","81","","7","","19","","14.5","","99.76","","","","-11","","Cloudy"
"-79.63","43.68","TORONTO LESTER B. PEARSON INT'L A","6158733","2002-01-31 18:00","2002","01","31","18:00","-4.6","","-7.8","","78","","7","","24","","16.1","","99.77","","","","-12","","Cloudy"
"-79.63","43.68","TORONTO LESTER B. PEARSON INT'L A","6158733","2002-01-31 19:00","2002","01","31","19:00","-5.3","","-8.6","","78","","5","","9","","16.1","","99.75","","","","-9","","Cloudy"
"-79.63","43.68","TORONTO LESTER B. PEARSON INT'L A","6158733","2002-01-31 20:00","2002","01","31","20:00","-5.2","","-8.2","","79","","4","","9","","16.1","","99.74","","","","-9","","Cloudy"
"-79.63","43.68","TORONTO LESTER B. PEARSON INT'L A","6158733","2002-01-31 21:00","2002","01","31","21:00","-5.5","","-7.8","","84","","2","","13","","6.4","","99.70","","","","-11","","Snow"
"-79.63","43.68","TORONTO LESTER B. PEARSON INT'L A","6158733","2002-01-31 22:00","2002","01","31","22:00","-5.7","","-7.6","","86","","5","","9","","4.8","","99.59","","","","-10","","Freezing Drizzle,Fog"
"-79.63","43.68","TORONTO LESTER B. PEARSON INT'L A","6158733","2002-01-31 23:00","2002","01","31","23:00","-5.8","","-7.6","","87","","4","","11","","2.4","","99.51","","","","-11","","Freezing Drizzle,Fog"
